recording_id,topic,type,count,manifest_count,source_start_s,source_end_s,receive_start_s,receive_end_s,source_start_ns,source_end_ns,receive_start_ns,receive_end_ns,source_dt_s,receive_dt_s,receive_minus_source_s,source_nonincreasing,source_missing,nonfinite_values,source_median_hz,source_mean_hz,source_gap_threshold_s,source_long_gap_count,receive_stall_count
gait_20260909_144907_fd57c06d30d3,/HANDLE_STEER,drdds/msg/Steer,1113,1113,6.422686518,123.539345253,3.319143671,119.939940829,1788936553573297619,1788936670689956354,1788936550469754772,1788936667090551930,"{""min"": 3.4834e-05, ""median"": 8.09865e-05, ""p95"": 1.0000806591, ""max"": 16.016369629}","{""min"": 0.004756193, ""median"": 0.080659854, ""p95"": 0.09573823660000007, ""max"": 16.370791566}","{""min"": -3.679638755, ""median"": -3.10247152, ""p95"": -2.673987313, ""max"": -2.572559467}",0,0,0,12347.736968507097,9.494806392283815,0.1,97,15
gait_20260909_144907_fd57c06d30d3,/IMU,sensor_msgs/msg/Imu,24003,24003,-0.022611101,119.987388899,0.0097944,119.998620003,1788936547128000000,1788936667138000000,1788936547160405501,1788936667149231104,"{""min"": 0.005, ""median"": 0.005, ""p95"": 0.005, ""max"": 0.005}","{""min"": 0.0008608, ""median"": 0.004970429, ""p95"": 0.008163375700000001, ""max"": 0.253150182}","{""min"": 0.009271131, ""median"": 0.011501104, ""p95"": 0.06056479369999999, ""max"": 0.378376555}",0,0,0,200.0,200.0,0.1,0,2
gait_20260909_144907_fd57c06d30d3,/JOINTS_DATA,drdds/msg/JointsData,24004,24004,-0.01397267,120.001025972,-0.012065633,120.002539364,1788936547136638431,1788936667151637073,1788936547138545468,1788936667153150465,"{""min"": 0.002520291, ""median"": 0.005000042, ""p95"": 0.005011417, ""max"": 0.007478043}","{""min"": 0.00091952, ""median"": 0.004974144, ""p95"": 0.009187339199999983, ""max"": 0.29668056}","{""min"": 0.000847165, ""median"": 0.0016403174999999998, ""p95"": 0.0514219664, ""max"": 0.370996412}",0,0,0,199.9983200141119,200.00000226305048,0.1,0,2
gait_20260909_144907_fd57c06d30d3,/JOINTS_DATA_10HZ,drdds/msg/JointsData,1200,1200,0.026028251,119.926038173,0.031200034,119.92864134,1788936547176639352,1788936667076649274,1788936547181811135,1788936667079252441,"{""min"": 0.099873093, ""median"": 0.099999969, ""p95"": 0.100010177, ""max"": 0.100123343}","{""min"": 0.016856476, ""median"": 0.099982266, ""p95"": 0.10763416359999987, ""max"": 0.348763108}","{""min"": 0.001010714, ""median"": 0.002556983, ""p95"": 0.023804456449999976, ""max"": 0.251044909}",0,0,0,10.000003100000962,9.999999172477134,0.49999984499999994,0,0
gait_20260909_144907_fd57c06d30d3,/MOTION_INFO,drdds/msg/MotionInfo,2400,2400,0.011276332,119.961275885,0.020802113,119.965838208,1788936547161887433,1788936667111886986,1788936547171413214,1788936667116449309,"{""min"": 0.049764171, ""median"": 0.05000013, ""p95"": 0.0500138681, ""max"": 0.050230547}","{""min"": 0.003119328, ""median"": 0.049945942, ""p95"": 0.051938261099999994, ""max"": 0.324857655}","{""min"": 0.00145178, ""median"": 0.002794342, ""p95"": 0.007434027149999789, ""max"": 0.276861055}",0,0,0,19.999948000135202,20.000000074531055,0.25000065,0,2
gait_20260909_144907_fd57c06d30d3,/STEER,drdds/msg/Steer,1113,1113,6.422686518,123.539345253,3.315058264,119.939559549,1788936553573297619,1788936670689956354,1788936550465669365,1788936667090170650,"{""min"": 3.4834e-05, ""median"": 8.09865e-05, ""p95"": 1.0000806591, ""max"": 16.016369629}","{""min"": 0.004811809, ""median"": 0.08064408, ""p95"": 0.09521193000000001, ""max"": 16.372987342}","{""min"": -3.680014147, ""median"": -3.102989663, ""p95"": -2.6744678058, ""max"": -2.573009195}",0,0,0,12347.736968507097,9.494806392283815,0.1,97,15
gait_20260909_144907_fd57c06d30d3,/rslidar_front/points,sensor_msgs/msg/PointCloud2,1200,1200,-0.050600944,119.849410834,0.066129413,119.97054096,1788936547100010157,1788936667000021935,1788936547216740514,1788936667121152061,"{""min"": 0.095238208, ""median"": 0.099997997, ""p95"": 0.1003268008, ""max"": 0.104852915}","{""min"": 0.017429348, ""median"": 0.099994126, ""p95"": 0.10994082279999995, ""max"": 0.323070421}","{""min"": 0.116381652, ""median"": 0.12247709, ""p95"": 0.1314911372, ""max"": 0.345490531}",0,0,0,10.00020030401209,9.999999017681498,0.499989985,0,0
gait_20260909_144907_fd57c06d30d3,/rslidar_rear/points,sensor_msgs/msg/PointCloud2,1200,1200,-0.050650297,119.849366964,0.075937926,119.978287265,1788936547099960804,1788936666999978065,1788936547226549027,1788936667128898366,"{""min"": 0.095248222, ""median"": 0.099997044, ""p95"": 0.10033116339999999, ""max"": 0.10489583}","{""min"": 0.016096771, ""median"": 0.100088709, ""p95"": 0.11025423629999999, ""max"": 0.326799445}","{""min"": 0.112227048, ""median"": 0.1268159995, ""p95"": 0.13186734255000002, ""max"": 0.353148039}",0,0,0,10.000295608738195,9.99999856038386,0.49998521999999995,0,0
gait_20260909_145241_9cae0ba51169,/HANDLE_STEER,drdds/msg/Steer,59,59,5.064863563,12.07143466,1.749542591,8.318959332,1788936766786334395,1788936773792905492,1788936763471013423,1788936770040430164,"{""min"": 6.9759e-05, ""median"": 8.0917e-05, ""p95"": 1.00008395675, ""max"": 2.001381683}","{""min"": 0.005710434, ""median"": 0.080767852, ""p95"": 0.16068919094999998, ""max"": 1.382619761}","{""min"": -3.756843847, ""median"": -3.240764465, ""p95"": -2.8481322916, ""max"": -2.787767786}",0,0,0,12358.342499104021,8.277943547141602,0.1,6,2
gait_20260909_145241_9cae0ba51169,/IMU,sensor_msgs/msg/Imu,3341,3341,-0.023470832,16.676529168,0.010389473,16.687806325,1788936761698000000,1788936778398000000,1788936761731860305,1788936778409277157,"{""min"": 0.005, ""median"": 0.005, ""p95"": 0.005, ""max"": 0.005}","{""min"": 0.000884864, ""median"": 0.004974752000000001, ""p95"": 0.00812998394999998, ""max"": 0.077666327}","{""min"": 0.009316438, ""median"": 0.011477437, ""p95"": 0.041389414, ""max"": 0.102753443}",0,0,0,200.0,200.0,0.1,0,0
gait_20260909_145241_9cae0ba51169,/JOINTS_DATA,drdds/msg/JointsData,3341,3341,-0.014832842,16.685168295,-0.0107456,16.686627061,1788936761706637990,1788936778406639127,1788936761710725232,1788936778408097893,"{""min"": 0.004889792, ""median"": 0.004999751, ""p95"": 0.005009959, ""max"": 0.005105626}","{""min"": 0.001162112, ""median"": 0.0049861765, ""p95"": 0.008624118749999953, ""max"": 0.082311129}","{""min"": 0.000922197, ""median"": 0.00158495, ""p95"": 0.031488505, ""max"": 0.090678748}",0,0,0,200.0099604960327,199.99998638323444,0.1,0,0
gait_20260909_145241_9cae0ba51169,/JOINTS_DATA_10HZ,drdds/msg/JointsData,167,167,0.05517329,16.655172708,0.062594501,16.658477491,1788936761776644122,1788936778376643540,1788936761784065333,1788936778379948323,"{""min"": 0.099988594, ""median"": 0.099999969, ""p95"": 0.10000747825, ""max"": 0.10001076}","{""min"": 0.03261971, ""median"": 0.09999457, ""p95"": 0.10212117525, ""max"": 0.168515347}","{""min"": 0.001133771, ""median"": 0.002560653, ""p95"": 0.006186880999999988, ""max"": 0.072814301}",0,0,0,10.000003100000962,10.000000350602422,0.49999984499999994,0,0
gait_20260909_145241_9cae0ba51169,/MOTION_INFO,drdds/msg/MotionInfo,334,334,-0.009582841,16.640417582,0.015407073,16.642183825,1788936761711887991,1788936778361888414,1788936761736877905,1788936778363654657,"{""min"": 0.049966588, ""median"": 0.05000013, ""p95"": 0.0500105722, ""max"": 0.050033964}","{""min"": 0.014427587, ""median"": 0.049906693, ""p95"": 0.0523157902, ""max"": 0.093350737}","{""min"": 0.001600723, ""median"": 0.0026503810000000003, ""p95"": 0.0054027821, ""max"": 0.046999346}",0,0,0,19.999948000135202,19.999999491891902,0.25000065,0,0
gait_20260909_145241_9cae0ba51169,/STEER,drdds/msg/Steer,59,59,5.064863563,12.07143466,1.748439968,8.318566436,1788936766786334395,1788936773792905492,1788936763469910800,1788936770040037268,"{""min"": 6.9759e-05, ""median"": 8.0917e-05, ""p95"": 1.00008395675, ""max"": 2.001381683}","{""min"": 0.005689633, ""median"": 0.0804140555, ""p95"": 0.16062164054999997, ""max"": 1.382640625}","{""min"": -3.757321319, ""median"": -3.241339377, ""p95"": -2.8485436132, ""max"": -2.786676842}",0,0,0,12358.342499104021,8.277943547141602,0.1,6,2
gait_20260909_145241_9cae0ba51169,/rslidar_front/points,sensor_msgs/msg/PointCloud2,167,167,-0.121468782,16.478533984,0.01876861,16.605844525,1788936761600002050,1788936778200004816,1788936761740239442,1788936778327315357,"{""min"": 0.0992167, ""median"": 0.099997998, ""p95"": 0.10012572950000001, ""max"": 0.100878001}","{""min"": 0.063045888, ""median"": 0.09972555550000001, ""p95"": 0.1105414005, ""max"": 0.138676381}","{""min"": 0.117873875, ""median"": 0.122243472, ""p95"": 0.1309243979, ""max"": 0.160224397}",0,0,0,10.000200204008085,9.999998333735217,0.49998999,0,0
gait_20260909_145241_9cae0ba51169,/rslidar_rear/points,sensor_msgs/msg/PointCloud2,167,167,-0.121470927,16.478528262,0.026256322,16.598197229,1788936761599999905,1788936778199999094,1788936761747727154,1788936778319668061,"{""min"": 0.095271349, ""median"": 0.0999984745, ""p95"": 0.10015469775000001, ""max"": 0.104373932}","{""min"": 0.060875104, ""median"": 0.0999322445, ""p95"": 0.11044462475, ""max"": 0.142865012}","{""min"": 0.116592233, ""median"": 0.126561218, ""p95"": 0.1331068775, ""max"": 0.166570696}",0,0,0,10.000152552327185,10.000000488554242,0.4999923725,0,0
gait_20260909_145331_616f9d8038d9,/GAIT,drdds/msg/Gait,5,5,,,9.192539103,64.737721731,0,0,1788936820540909290,1788936876086091918,"{""min"": 0.0, ""median"": 0.0, ""p95"": 0.0, ""max"": 0.0}","{""min"": 5.744496041, ""median"": 14.434478698, ""p95"": 20.84386930325, ""max"": 20.931729191}",,4,5,0,,,0.1,0,4
gait_20260909_145331_616f9d8038d9,/HANDLE_STEER,drdds/msg/Steer,747,747,6.489247986,89.571899236,3.404654341,86.054207396,1788936817837618173,1788936900920269423,1788936814753024528,1788936897402577583,"{""min"": 4.8905e-05, ""median"": 8.09745e-05, ""p95"": 1.0000810704999998, ""max"": 5.004456777}","{""min"": 0.008752991, ""median"": 0.0806462925, ""p95"": 0.1323722625, ""max"": 4.454771956}","{""min"": -3.904135959, ""median"": -3.367587734, ""p95"": -2.9219481059000003, ""max"": -2.838097448}",0,0,0,12349.566838943125,8.979010524775472,0.1,73,25
gait_20260909_145331_616f9d8038d9,/IMU,sensor_msgs/msg/Imu,18636,18636,-0.015370187,93.159629813,0.00439385,93.175808021,1788936811333000000,1788936904508000000,1788936811352764037,1788936904524178208,"{""min"": 0.005, ""median"": 0.005, ""p95"": 0.005, ""max"": 0.005}","{""min"": 0.000725632, ""median"": 0.004965824, ""p95"": 0.0080446801, ""max"": 0.238611443}","{""min"": 0.009359175, ""median"": 0.011426374999999999, ""p95"": 0.06769711575000001, ""max"": 0.275127096}",0,0,0,200.0,200.0,0.1,0,1
gait_20260909_145331_616f9d8038d9,/JOINTS_DATA,drdds/msg/JointsData,18636,18636,-0.006713751,93.168270569,-0.003994267,93.217514077,1788936811341656436,1788936904516640756,1788936811344375920,1788936904565884264,"{""min"": 0.004822417, ""median"": 0.004999751, ""p95"": 0.005012293, ""max"": 0.005167459}","{""min"": 0.000964192, ""median"": 0.004975456, ""p95"": 0.009036919199999995, ""max"": 0.243210194}","{""min"": 0.000842208, ""median"": 0.0015470645, ""p95"": 0.059082644499999996, ""max"": 0.267728248}",0,0,0,200.0099604960327,200.00003365710253,0.1,0,1
gait_20260909_145331_616f9d8038d9,/JOINTS_DATA_10HZ,drdds/msg/JointsData,932,932,0.028275752,93.12826819,0.033863607,93.132816362,1788936811376645939,1788936904476638377,1788936811382233794,1788936904481186549,"{""min"": 0.09996351, ""median"": 0.099999968, ""p95"": 0.1000069685, ""max"": 0.100035844}","{""min"": 0.013170975, ""median"": 0.099987428, ""p95"": 0.10233672099999999, ""max"": 0.333352243}","{""min"": 0.000998603, ""median"": 0.002521172, ""p95"": 0.008798321849999988, ""max"": 0.235877883}",0,0,0,10.000003200001025,10.000000812244965,0.49999984,0,0
gait_20260909_145331_616f9d8038d9,/MOTION_INFO,drdds/msg/MotionInfo,1865,1865,0.02351896,93.143525567,0.029188892,93.146882754,1788936811371889147,1788936904491895754,1788936811377559079,1788936904495252941,"{""min"": 0.019997252, ""median"": 0.049999839, ""p95"": 0.050012672, ""max"": 0.050260297}","{""min"": 0.002758112, ""median"": 0.049901067, ""p95"": 0.056853976699999996, ""max"": 0.269954706}","{""min"": 0.001175829, ""median"": 0.002770709, ""p95"": 0.013440617399999995, ""max"": 0.221634451}",0,0,0,20.00006440020737,20.01718071033599,0.24999919499999998,0,1
gait_20260909_145331_616f9d8038d9,/STEER,drdds/msg/Steer,747,747,6.489247986,89.571899236,3.403317221,86.056918404,1788936817837618173,1788936900920269423,1788936814751687408,1788936897405288591,"{""min"": 4.8905e-05, ""median"": 8.09745e-05, ""p95"": 1.0000810704999998, ""max"": 5.004456777}","{""min"": 0.009495871, ""median"": 0.0805973225, ""p95"": 0.13149972475, ""max"": 4.454706612}","{""min"": -3.904590327, ""median"": -3.368109398, ""p95"": -2.9214872691000005, ""max"": -2.83854356}",0,0,0,12349.566838943125,8.979010524775472,0.1,73,25
gait_20260909_145331_616f9d8038d9,/rslidar_front/points,sensor_msgs/msg/PointCloud2,932,932,-0.048360221,93.05163873,0.079215072,93.225793611,1788936811300009966,1788936904400008917,1788936811427585259,1788936904574163798,"{""min"": 0.0952003, ""median"": 0.099997998, ""p95"": 0.1004680395, ""max"": 0.104787826}","{""min"": 0.013024607, ""median"": 0.100016791, ""p95"": 0.1104448495, ""max"": 0.296045267}","{""min"": 0.113020697, ""median"": 0.1226273775, ""p95"": 0.13328811124999992, ""max"": 0.318196031}",0,0,0,10.000200204008085,10.000000112674545,0.49998999,0,0
gait_20260909_145331_616f9d8038d9,/rslidar_rear/points,sensor_msgs/msg/PointCloud2,932,932,-0.048371188,93.051643975,0.069821099,93.170553931,1788936811299998999,1788936904400014162,1788936811418191286,1788936904518924118,"{""min"": 0.095154047, ""median"": 0.099997997, ""p95"": 0.1004725695, ""max"": 0.105090857}","{""min"": 0.012411327, ""median"": 0.09997728, ""p95"": 0.11107496350000001, ""max"": 0.296421746}","{""min"": 0.115574319, ""median"": 0.126337525, ""p95"": 0.13745743839999974, ""max"": 0.322305945}",0,0,0,10.00020030401209,9.999998371321427,0.499989985,0,0
gait_20260909_145914_2e0541078764,/HANDLE_STEER,drdds/msg/Steer,274,274,5.105190878,31.13175737,0.95794641,27.518354703,1788937159177890151,1788937185204456643,1788937155030645683,1788937181591053976,"{""min"": 1.19e-07, ""median"": 8.0995e-05, ""p95"": 1.0000805902, ""max"": 3.003512003}","{""min"": 0.003892864, ""median"": 0.080777781, ""p95"": 0.10653217959999996, ""max"": 3.532805437}","{""min"": -4.199116014, ""median"": -3.7057891205, ""p95"": -3.24323450415, ""max"": -3.182061124}",0,0,0,12346.441138341872,10.489282175730489,0.1,24,4
gait_20260909_145914_2e0541078764,/IMU,sensor_msgs/msg/Imu,7890,7890,-0.019699273,39.425300727,-0.007270911,39.4351963,1788937154053000000,1788937193498000000,1788937154065428362,1788937193507895573,"{""min"": 0.005, ""median"": 0.005, ""p95"": 0.005, ""max"": 0.005}","{""min"": 0.001179584, ""median"": 0.005037055, ""p95"": 0.008232972799999995, ""max"": 0.224874446}","{""min"": 0.009294529, ""median"": 0.0107378015, ""p95"": 0.05111354294999997, ""max"": 0.264492927}",0,0,0,200.0,200.0,0.1,0,1
gait_20260909_145914_2e0541078764,/JOINTS_DATA,drdds/msg/JointsData,7890,7890,-0.009062402,39.435936312,0.007203135,39.437567627,1788937154063636871,1788937193508635585,1788937154079902408,1788937193510266900,"{""min"": 0.0048825, ""median"": 0.005000042, ""p95"": 0.00501725, ""max"": 0.005123709}","{""min"": 0.000974144, ""median"": 0.004974849, ""p95"": 0.007947716199999998, ""max"": 0.224288271}","{""min"": 0.000849935, ""median"": 0.001777128, ""p95"": 0.04411823025, ""max"": 0.255256282}",0,0,0,199.9983200141119,200.00000652047174,0.1,0,1
gait_20260909_145914_2e0541078764,/JOINTS_DATA_10HZ,drdds/msg/JointsData,395,395,0.005937725,39.40593985,0.013722334,39.408729649,1788937154078636998,1788937193478639123,1788937154086421607,1788937193481428922,"{""min"": 0.099976344, ""median"": 0.099999968, ""p95"": 0.100010468, ""max"": 0.100021552}","{""min"": 0.01892416, ""median"": 0.09997105, ""p95"": 0.10530337819999998, ""max"": 0.249941099}","{""min"": 0.001034057, ""median"": 0.002645896, ""p95"": 0.00852325289999999, ""max"": 0.152506383}",0,0,0,10.000003200001025,9.999999460659927,0.49999984,0,0
gait_20260909_145914_2e0541078764,/MOTION_INFO,drdds/msg/MotionInfo,789,789,0.029185894,39.429192103,0.033751164,39.430525357,1788937154101885167,1788937193501891376,1788937154106450437,1788937193503224630,"{""min"": 0.049951421, ""median"": 0.05000013, ""p95"": 0.05001004665, ""max"": 0.050048256}","{""min"": 0.004312352, ""median"": 0.049974749, ""p95"": 0.051067427299999996, ""max"": 0.228051021}","{""min"": 0.000777691, ""median"": 0.001463008, ""p95"": 0.005350539599999986, ""max"": 0.180031286}",0,0,0,19.999948000135202,19.999996848223848,0.25000065,0,0
gait_20260909_145914_2e0541078764,/STEER,drdds/msg/Steer,274,274,5.105190878,31.13175737,0.957020746,27.519390351,1788937159177890151,1788937185204456643,1788937155029720019,1788937181592089624,"{""min"": 1.19e-07, ""median"": 8.0995e-05, ""p95"": 1.0000805902, ""max"": 3.003512003}","{""min"": 0.003920672, ""median"": 0.080737989, ""p95"": 0.10623613479999995, ""max"": 3.532128734}","{""min"": -4.199720302, ""median"": -3.7061881605, ""p95"": -3.24361692335, ""max"": -3.182517476}",0,0,0,12346.441138341872,10.489282175730489,0.1,24,4
gait_20260909_145914_2e0541078764,/rslidar_front/points,sensor_msgs/msg/PointCloud2,394,394,-0.072678054,39.227308786,0.046461146,39.352381435,1788937154000021219,1788937193300008059,1788937154119160419,1788937193425080708,"{""min"": 0.09878707, ""median"": 0.099997997, ""p95"": 0.100116968, ""max"": 0.10111475}","{""min"": 0.015270272, ""median"": 0.099670884, ""p95"": 0.1097056156, ""max"": 0.316138533}","{""min"": 0.117221688, ""median"": 0.12292277600000001, ""p95"": 0.1311804623, ""max"": 0.334954715}",0,0,0,10.00020030401209,10.000003348601629,0.499989985,0,0
gait_20260909_145914_2e0541078764,/rslidar_rear/points,sensor_msgs/msg/PointCloud2,394,394,-0.072686398,39.227312839,0.056179129,39.345506141,1788937154000012875,1788937193300012112,1788937154128878402,1788937193418205414,"{""min"": 0.09910202, ""median"": 0.099999904, ""p95"": 0.1001167778, ""max"": 0.101121187}","{""min"": 0.011143874, ""median"": 0.10003358, ""p95"": 0.11233456059999998, ""max"": 0.315504966}","{""min"": 0.116344244, ""median"": 0.124403828, ""p95"": 0.13421386999999996, ""max"": 0.341954528}",0,0,0,10.000009600009216,10.000000194147587,0.49999952000000003,0,0
gait_20260909_150146_9b19dc6690ec,/GAIT,drdds/msg/Gait,11,11,,,6.401507042,109.294022974,0,0,1788937313368043533,1788937416260559465,"{""min"": 0.0, ""median"": 0.0, ""p95"": 0.0, ""max"": 0.0}","{""min"": 2.536211174, ""median"": 8.789564534, ""p95"": 20.633510649049995, ""max"": 21.777812747}",,10,11,0,,,0.1,0,10
gait_20260909_150146_9b19dc6690ec,/HANDLE_STEER,drdds/msg/Steer,812,812,2.070428441,108.177082921,2.10091006,108.762817163,1788937309036964932,1788937415143619412,1788937309067446551,1788937415729353654,"{""min"": 8.5e-08, ""median"": 8.0995e-05, ""p95"": 1.0000815825, ""max"": 5.005032284}","{""min"": 0.000844446, ""median"": 0.080641048, ""p95"": 0.286366589, ""max"": 5.031996084}","{""min"": -0.121791945, ""median"": 0.394929929, ""p95"": 0.85916479445, ""max"": 0.945963762}",0,0,0,12346.441138341872,7.643252951235636,0.1,86,51
gait_20260909_150146_9b19dc6690ec,/IMU,sensor_msgs/msg/Imu,22928,22928,-0.018536491,114.616463509,-0.00606352,114.629022437,1788937306948000000,1788937421583000000,1788937306960472971,1788937421595558928,"{""min"": 0.005, ""median"": 0.005, ""p95"": 0.005, ""max"": 0.005}","{""min"": 0.000676352, ""median"": 0.005008865, ""p95"": 0.008186365500000002, ""max"": 0.212022411}","{""min"": 0.009290883, ""median"": 0.011377237, ""p95"": 0.060620100249999934, ""max"": 0.342158371}",0,0,0,200.0,200.0,0.1,0,2
gait_20260909_150146_9b19dc6690ec,/JOINTS_DATA,drdds/msg/JointsData,22925,22925,-0.007901341,114.625108552,0.00860272,114.626994918,1788937306958635150,1788937421591645043,1788937306975139211,1788937421593531409,"{""min"": 5.6875e-05, ""median"": 0.005000042, ""p95"": 0.0050116645, ""max"": 0.028861586}","{""min"": 0.000878976, ""median"": 0.004977888, ""p95"": 0.008419273699999995, ""max"": 0.210764972}","{""min"": 0.00078584, ""median"": 0.001726448, ""p95"": 0.05206046539999994, ""max"": 0.334900731}",0,0,0,199.9983200141119,199.97730166378403,0.1,0,3
gait_20260909_150146_9b19dc6690ec,/JOINTS_DATA_10HZ,drdds/msg/JointsData,1147,1147,0.012102911,114.625108552,0.021888033,114.627903525,1788937306978639402,1788937421591645043,1788937306988424524,1788937421594440016,"{""min"": 0.095214884, ""median"": 0.099999969, ""p95"": 0.10001076, ""max"": 0.112997803}","{""min"": 0.014891679, ""median"": 0.099968577, ""p95"": 0.10882468075, ""max"": 0.284915834}","{""min"": 0.001078539, ""median"": 0.00268312, ""p95"": 0.01742238670000004, ""max"": 0.187487846}",0,0,0,10.000003100000962,9.998865256091378,0.49999984499999994,0,0
gait_20260909_150146_9b19dc6690ec,/MOTION_INFO,drdds/msg/MotionInfo,2296,2296,0.005363661,114.588462965,0.015581825,114.589857423,1788937306971900152,1788937421554999456,1788937306982118316,1788937421556393914,"{""min"": 0.009996001, ""median"": 0.05000013, ""p95"": 0.0500156763, ""max"": 0.063001465}","{""min"": 0.003206112, ""median"": 0.049964609, ""p95"": 0.053392638799999996, ""max"": 0.269340605}","{""min"": 0.000718616, ""median"": 0.001501984, ""p95"": 0.012278961000000001, ""max"": 0.235378366}",0,0,0,19.999948000135202,20.0291318173472,0.25000065,0,2
gait_20260909_150146_9b19dc6690ec,/STEER,drdds/msg/Steer,812,812,2.070428441,108.177082921,2.099834988,108.762428427,1788937309036964932,1788937415143619412,1788937309066371479,1788937415728964918,"{""min"": 8.5e-08, ""median"": 8.0995e-05, ""p95"": 1.0000815825, ""max"": 5.005032284}","{""min"": 0.000978464, ""median"": 0.080665638, ""p95"": 0.2930382935, ""max"": 5.029590356}","{""min"": -0.122291305, ""median"": 0.394500921, ""p95"": 0.85861072575, ""max"": 0.945590994}",0,0,0,12346.441138341872,7.643252951235636,0.1,86,51
gait_20260909_150146_9b19dc6690ec,/rslidar_front/points,sensor_msgs/msg/PointCloud2,1146,1146,-0.066529481,114.433479817,0.056371298,114.557451703,1788937306900007010,1788937421400016308,1788937307022907789,1788937421523988194,"{""min"": 0.095251322, ""median"": 0.099997044, ""p95"": 0.1002958296, ""max"": 0.104913711}","{""min"": 0.015571451, ""median"": 0.10007666, ""p95"": 0.1100635232, ""max"": 0.279378553}","{""min"": 0.115394874, ""median"": 0.122194045, ""p95"": 0.13150654575, ""max"": 0.300883635}",0,0,0,10.000295608738195,9.999999187947665,0.49998521999999995,0,0
gait_20260909_150146_9b19dc6690ec,/rslidar_rear/points,sensor_msgs/msg/PointCloud2,1146,1146,-0.066525428,114.433479578,0.061865634,114.56210175,1788937306900011063,1788937421400016069,1788937307028402125,1788937421528638241,"{""min"": 0.095098019, ""median"": 0.099997282, ""p95"": 0.1003321176, ""max"": 0.105447769}","{""min"": 0.015703871, ""median"": 0.099933212, ""p95"": 0.10988600219999999, ""max"": 0.310698801}","{""min"": 0.111850242, ""median"": 0.1256355455, ""p95"": 0.13145558975, ""max"": 0.339360443}",0,0,0,10.000271807387724,9.999999562794779,0.49998641000000005,0,0
gait_20260909_150705_4fe2b5f8eebd,/GAIT,drdds/msg/Gait,10,10,,,7.533405047,80.499591328,0,0,1788937633440611891,1788937706406798172,"{""min"": 0.0, ""median"": 0.0, ""p95"": 0.0, ""max"": 0.0}","{""min"": 0.662836619, ""median"": 6.730686527, ""p95"": 19.010477749999996, ""max"": 21.89489131}",,9,10,0,,,0.1,0,9
gait_20260909_150705_4fe2b5f8eebd,/HANDLE_STEER,drdds/msg/Steer,460,460,0.447399217,83.529968382,0.802004651,83.374264545,1788937626354606061,1788937709437175226,1788937626709211495,1788937709281471389,"{""min"": 5.9055e-05, ""median"": 8.1216e-05, ""p95"": 1.0000838177, ""max"": 17.016341229}","{""min"": 0.01078787, ""median"": 0.081047646, ""p95"": 0.16513728369999994, ""max"": 16.406699447}","{""min"": -0.411027986, ""median"": 0.119437509, ""p95"": 0.56528571295, ""max"": 0.62953862}",0,0,0,12312.84475965327,5.524624534521037,0.1,52,22
gait_20260909_150705_4fe2b5f8eebd,/IMU,sensor_msgs/msg/Imu,18652,18652,-0.019206844,93.235793156,0.005561503,93.246587355,1788937625888000000,1788937719143000000,1788937625912768347,1788937719153794199,"{""min"": 0.005, ""median"": 0.005, ""p95"": 0.005, ""max"": 0.005}","{""min"": 0.0010264, ""median"": 0.005040993, ""p95"": 0.0075771535, ""max"": 0.247010581}","{""min"": 0.009345984, ""median"": 0.010713105, ""p95"": 0.04412448795000007, ""max"": 0.271072752}",0,0,0,200.0,200.0,0.1,0,1
gait_20260909_150705_4fe2b5f8eebd,/JOINTS_DATA,drdds/msg/JointsData,18652,18652,-0.009566731,93.246430931,0.008414175,93.247907611,1788937625897640113,1788937719153637775,1788937625915621019,1788937719155114455,"{""min"": 0.004855668, ""median"": 0.005000042, ""p95"": 0.005015209, ""max"": 0.005975376}","{""min"": 0.000999487, ""median"": 0.004997823, ""p95"": 0.0075705914999999995, ""max"": 0.251684276}","{""min"": 0.000761785, ""median"": 0.0018013965, ""p95"": 0.037005292250000106, ""max"": 0.266675234}",0,0,0,199.9983200141119,199.99786037997552,0.1,0,1
gait_20260909_150705_4fe2b5f8eebd,/JOINTS_DATA_10HZ,drdds/msg/JointsData,933,933,-0.014567356,93.186431008,-0.007190943,93.189042586,1788937625892639488,1788937719093637852,1788937625900015901,1788937719096249430,"{""min"": 0.099949802, ""median"": 0.0999999685, ""p95"": 0.100015135, ""max"": 0.100995427}","{""min"": 0.011785792, ""median"": 0.1000202795, ""p95"": 0.10243078364999993, ""max"": 0.341467887}","{""min"": 0.001234476, ""median"": 0.002702303, ""p95"": 0.007784353399999977, ""max"": 0.244291126}",0,0,0,10.000003150000992,9.999892880546613,0.49999984249999996,0,0
gait_20260909_150705_4fe2b5f8eebd,/MOTION_INFO,drdds/msg/MotionInfo,1869,1869,-0.002319689,93.217685136,0.010290974,93.223357212,1788937625904887155,1788937719124891980,1788937625917497818,1788937719130564056,"{""min"": 0.010000667, ""median"": 0.049999839, ""p95"": 0.05001752815, ""max"": 0.050178921}","{""min"": 0.003109664, ""median"": 0.049952446, ""p95"": 0.05557817084999999, ""max"": 0.261624404}","{""min"": 0.000852418, ""median"": 0.001778192, ""p95"": 0.009303374199999985, ""max"": 0.21359384}",0,0,0,20.00006440020737,20.03861728506406,0.24999919499999998,0,1
gait_20260909_150705_4fe2b5f8eebd,/STEER,drdds/msg/Steer,460,460,0.447399217,83.529968382,0.800561899,83.373816193,1788937626354606061,1788937709437175226,1788937626707768743,1788937709281023037,"{""min"": 5.9055e-05, ""median"": 8.1216e-05, ""p95"": 1.0000838177, ""max"": 17.016341229}","{""min"": 0.011139838, ""median"": 0.081017778, ""p95"": 0.1659272852, ""max"": 16.403530071}","{""min"": -0.41148501, ""median"": 0.119010261, ""p95"": 0.5648457455999999, ""max"": 0.62907382}",0,0,0,12312.84475965327,5.524624534521037,0.1,52,22
gait_20260909_150705_4fe2b5f8eebd,/rslidar_front/points,sensor_msgs/msg/PointCloud2,933,933,-0.107310604,93.092804362,0.021957373,93.211426939,1788937625799896240,1788937719000011206,1788937625929164217,1788937719118633783,"{""min"": 0.09529233, ""median"": 0.099999189, ""p95"": 0.10030953905, ""max"": 0.106760025}","{""min"": 0.011865215, ""median"": 0.099926933, ""p95"": 0.1093058635, ""max"": 0.3220396}","{""min"": 0.111916207, ""median"": 0.119001109, ""p95"": 0.12826450879999998, ""max"": 0.339417337}",0,0,0,10.000081100657725,9.999987664607492,0.499995945,0,0
gait_20260909_150705_4fe2b5f8eebd,/rslidar_rear/points,sensor_msgs/msg/PointCloud2,933,933,-0.107194732,93.092802216,0.026794748,93.219024123,1788937625800012112,1788937719000009060,1788937625934001592,1788937719126230967,"{""min"": 0.095369101, ""median"": 0.099998951, ""p95"": 0.100219273, ""max"": 0.105006933}","{""min"": 0.010559135, ""median"": 0.100046988, ""p95"": 0.10857478679999999, ""max"": 0.321534672}","{""min"": 0.115455761, ""median"": 0.122340453, ""p95"": 0.12880243079999998, ""max"": 0.341128496}",0,0,0,10.000104901100412,10.000000327467822,0.499994755,0,0
gait_20260909_150921_9ed8457a8250,/GAIT,drdds/msg/Gait,2,2,,,8.37566708,13.900572236,0,0,1788937769852223205,1788937775377128361,"{""min"": 0.0, ""median"": 0.0, ""p95"": 0.0, ""max"": 0.0}","{""min"": 5.524905156, ""median"": 5.524905156, ""p95"": 5.524905156, ""max"": 5.524905156}",,1,2,0,,,0.1,0,1
gait_20260909_150921_9ed8457a8250,/HANDLE_STEER,drdds/msg/Steer,99,99,5.017453193,17.029621958,4.635099366,16.803768659,1788937766494009318,1788937778506178083,1788937766111655491,1788937778280324784,"{""min"": 7.254e-05, ""median"": 8.121800000000001e-05, ""p95"": 1.00008110135, ""max"": 2.002507178}","{""min"": 0.01033763, ""median"": 0.080719766, ""p95"": 0.12368790049999995, ""max"": 2.506425422}","{""min"": -0.49276307, ""median"": -0.042524546, ""p95"": 0.45898319639999996, ""max"": 0.492165368}",0,0,0,12312.541554827747,8.158393535524057,0.1,10,3
gait_20260909_150921_9ed8457a8250,/IMU,sensor_msgs/msg/Imu,12751,12751,-0.018556125,63.731443875,-0.005337377,63.747602345,1788937761458000000,1788937825208000000,1788937761471218748,1788937825224158470,"{""min"": 0.005, ""median"": 0.005, ""p95"": 0.005, ""max"": 0.005}","{""min"": 0.000702976, ""median"": 0.0050276645, ""p95"": 0.0079429794, ""max"": 0.233508901}","{""min"": 0.009368767, ""median"": 0.010963597, ""p95"": 0.0768130465, ""max"": 0.268514461}",0,0,0,200.0,200.0,0.1,0,1
gait_20260909_150921_9ed8457a8250,/JOINTS_DATA,drdds/msg/JointsData,5714,5714,-0.006831432,63.73806714,0.006809793,63.742711369,1788937761469724693,1788937825214623265,1788937761483365918,1788937825219267494,"{""min"": 0.004905834, ""median"": 0.005010542, ""p95"": 0.020006293, ""max"": 0.020061419}","{""min"": 0.001116032, ""median"": 0.00525488, ""p95"": 0.021368401399999997, ""max"": 0.233182982}","{""min"": 0.000881883, ""median"": 0.0020085650000000004, ""p95"": 0.042937716849999974, ""max"": 0.258165157}",0,0,0,199.5792071995405,89.62285811071068,0.1,0,1
gait_20260909_150921_9ed8457a8250,/JOINTS_DATA_10HZ,drdds/msg/JointsData,638,638,0.018082737,63.718068138,0.023153059,63.721928745,1788937761494638862,1788937825194624263,1788937761499709184,1788937825198484870,"{""min"": 0.099953885, ""median"": 0.099999968, ""p95"": 0.100007843, ""max"": 0.100043135}","{""min"": 0.011194238, ""median"": 0.10002299, ""p95"": 0.10765416179999995, ""max"": 0.324233036}","{""min"": 0.001147676, ""median"": 0.0039668975, ""p95"": 0.02407354544999997, ""max"": 0.226542384}",0,0,0,10.000003200001025,10.00000229183726,0.49999984,0,0
gait_20260909_150921_9ed8457a8250,/MOTION_INFO,drdds/msg/MotionInfo,1277,1277,-0.00166689,63.714328387,0.008503745,63.715863497,1788937761474889235,1788937825190884512,1788937761485059870,1788937825192419622,"{""min"": 0.001994126, ""median"": 0.05000013, ""p95"": 0.050014422, ""max"": 0.050208381}","{""min"": 0.001599425, ""median"": 0.049929422, ""p95"": 0.0536796655, ""max"": 0.274943162}","{""min"": 0.000706844, ""median"": 0.001958435, ""p95"": 0.026374049200000027, ""max"": 0.227413273}",0,0,0,19.999948000135202,20.02636848804913,0.25000065,0,1
gait_20260909_150921_9ed8457a8250,/STEER,drdds/msg/Steer,99,99,5.017453193,17.029621958,4.63404183,16.803328691,1788937766494009318,1788937778506178083,1788937766110597955,1788937778279884816,"{""min"": 7.254e-05, ""median"": 8.121800000000001e-05, ""p95"": 1.00008110135, ""max"": 2.002507178}","{""min"": 0.010371966, ""median"": 0.0805593675, ""p95"": 0.12360017249999997, ""max"": 2.50646379}","{""min"": -0.493151998, ""median"": -0.042926626, ""p95"": 0.45855172759999996, ""max"": 0.491722264}",0,0,0,12312.541554827747,8.158393535524057,0.1,10,3
gait_20260909_150921_9ed8457a8250,/rslidar_front/points,sensor_msgs/msg/PointCloud2,652,652,-0.076551261,89.123451886,0.04499159,89.243963978,1788937761400004864,1788937850600008011,1788937761521547715,1788937850720520103,"{""min"": 0.095452308, ""median"": 0.099999905, ""p95"": 0.10011827949999999, ""max"": 24.200012683}","{""min"": 0.011543645, ""median"": 0.099880815, ""p95"": 0.11191407, ""max"": 21.724201197}","{""min"": 0.114900104, ""median"": 0.1220484, ""p95"": 0.15450662194999998, ""max"": 21.744393996}",0,0,0,10.000009500009025,7.298206020544233,0.499999525,1,2
gait_20260909_150921_9ed8457a8250,/rslidar_rear/points,sensor_msgs/msg/PointCloud2,646,646,-0.076541009,89.22345489,0.050268583,89.341762417,1788937761400015116,1788937850700011015,1788937761526824708,1788937850818318542,"{""min"": 0.095478058, ""median"": 0.099999189, ""p95"": 0.10011501240000001, ""max"": 24.900002957}","{""min"": 0.011454909, ""median"": 0.100168809, ""p95"": 0.11703161939999991, ""max"": 22.397519108}","{""min"": 0.114644501, ""median"": 0.12302846, ""p95"": 0.1578294415, ""max"": 22.419479349}",0,0,0,10.000081100657725,7.222844676605667,0.499995945,1,2
gait_20260909_151135_f45a816f4062,/GAIT,drdds/msg/Gait,2,2,,,9.675484482,15.303956924,0,0,1788937904775806432,1788937910404278874,"{""min"": 0.0, ""median"": 0.0, ""p95"": 0.0, ""max"": 0.0}","{""min"": 5.628472442, ""median"": 5.628472442, ""p95"": 5.628472442, ""max"": 5.628472442}",,1,2,0,,,0.1,0,1
gait_20260909_151135_f45a816f4062,/HANDLE_STEER,drdds/msg/Steer,139,139,1.524517105,22.545573106,1.841517061,22.897158765,1788937896624839055,1788937917645895056,1788937896941839011,1788937917997480715,"{""min"": 6.4879e-05, ""median"": 8.08195e-05, ""p95"": 1.0000818552, ""max"": 4.003397787}","{""min"": 0.033193589, ""median"": 0.0807337545, ""p95"": 0.14206047755000073, ""max"": 3.567667488}","{""min"": -0.640203438, ""median"": -0.076176907, ""p95"": 0.31705152890000005, ""max"": 0.370456727}",0,0,0,12373.251504896714,6.564846218640735,0.1,16,7
gait_20260909_151135_f45a816f4062,/IMU,sensor_msgs/msg/Imu,5244,5244,-0.01732195,26.19767805,-0.005528703,26.297686948,1788937895083000000,1788937921298000000,1788937895094793247,1788937921398008898,"{""min"": 0.005, ""median"": 0.005, ""p95"": 0.005, ""max"": 0.005}","{""min"": 0.000981632, ""median"": 0.005030207, ""p95"": 0.008195222099999998, ""max"": 0.143961409}","{""min"": 0.009243888, ""median"": 0.010665022, ""p95"": 0.05370228429999999, ""max"": 0.220600816}",0,0,0,200.0,200.0,0.1,0,0
gait_20260909_151135_f45a816f4062,/JOINTS_DATA,drdds/msg/JointsData,5244,5244,-0.007668811,26.208322865,0.007183039,26.300895045,1788937895092653139,1788937921308644815,1788937895107504989,1788937921401216995,"{""min"": 0.004897084, ""median"": 0.005000042, ""p95"": 0.005014917, ""max"": 0.005985001}","{""min"": 0.00116752, ""median"": 0.004975041, ""p95"": 0.008253198899999998, ""max"": 0.159186781}","{""min"": 0.000766852, ""median"": 0.001787446, ""p95"": 0.04597915644999999, ""max"": 0.212386815}",0,0,0,199.9983200141119,199.9924345719036,0.1,0,0
gait_20260909_151135_f45a816f4062,/JOINTS_DATA_10HZ,drdds/msg/JointsData,263,263,0.067337947,26.268356038,0.072581785,26.303284293,1788937895167659897,1788937921368677988,1788937895172903735,1788937921403606243,"{""min"": 0.099955052, ""median"": 0.10000026, ""p95"": 0.1000250374, ""max"": 0.101033635}","{""min"": 0.028904894, ""median"": 0.0999959265, ""p95"": 0.10291624819999999, ""max"": 0.185932856}","{""min"": 0.001199696, ""median"": 0.002683753, ""p95"": 0.0065260769999999834, ""max"": 0.089259074}",0,0,0,9.999974000067601,9.999611430748047,0.5000013,0,0
gait_20260909_151135_f45a816f4062,/MOTION_INFO,drdds/msg/MotionInfo,526,526,0.010515733,26.240526368,0.018508574,26.304805637,1788937895110837683,1788937921340848318,1788937895118830524,1788937921405127587,"{""min"": 0.030004336, ""median"": 0.05000013, ""p95"": 0.05001238, ""max"": 0.050028713}","{""min"": 0.004436, ""median"": 0.049984034, ""p95"": 0.0506240436, ""max"": 0.19676511}","{""min"": 0.000700669, ""median"": 0.00133369, ""p95"": 0.0060572922500000004, ""max"": 0.14814025}",0,0,0,19.999948000135202,20.015241598852672,0.25000065,0,0
gait_20260909_151135_f45a816f4062,/STEER,drdds/msg/Steer,139,139,1.524517105,22.545573106,1.840592197,22.896707692,1788937896624839055,1788937917645895056,1788937896940914147,1788937917997029642,"{""min"": 6.4879e-05, ""median"": 8.08195e-05, ""p95"": 1.0000818552, ""max"": 4.003397787}","{""min"": 0.035521204, ""median"": 0.080661448, ""p95"": 0.14166037020000072, ""max"": 3.570167648}","{""min"": -0.640661806, ""median"": -0.076698347, ""p95"": 0.31617924729999997, ""max"": 0.370012599}",0,0,0,12373.251504896714,6.564846218640735,0.1,16,7
gait_20260909_151135_f45a816f4062,/rslidar_front/points,sensor_msgs/msg/PointCloud2,263,263,-0.100316943,26.099686204,0.033486941,26.27559469,1788937895000005007,1788937921200008154,1788937895133808891,1788937921375916640,"{""min"": 0.095466375, ""median"": 0.099997997, ""p95"": 0.1001569745, ""max"": 0.104463578}","{""min"": 0.028117694, ""median"": 0.100184389, ""p95"": 0.1128008311, ""max"": 0.237766572}","{""min"": 0.115643565, ""median"": 0.123015152, ""p95"": 0.1339511096, ""max"": 0.261210217}",0,0,0,10.00020030401209,9.999998798855106,0.499989985,0,0
gait_20260909_151135_f45a816f4062,/rslidar_rear/points,sensor_msgs/msg/PointCloud2,263,263,-0.10030383,26.099696217,0.039372188,26.284486275,1788937895000018120,1788937921200018167,1788937895139694138,1788937921384808225,"{""min"": 0.09517026, ""median"": 0.099999905, ""p95"": 0.1001671913, ""max"": 0.104435921}","{""min"": 0.019449727, ""median"": 0.100095687, ""p95"": 0.11150584294999999, ""max"": 0.246518508}","{""min"": 0.11308292, ""median"": 0.124436641, ""p95"": 0.1398782489, ""max"": 0.274697642}",0,0,0,10.000009500009025,9.99999998206107,0.499999525,0,0
gait_20260909_151220_d3ace6be729a,/GAIT,drdds/msg/Gait,1,1,,,5.256255316,5.256255316,0,0,1788937945929704239,1788937945929704239,,,,0,1,0,,,0.1,0,0
gait_20260909_151220_d3ace6be729a,/HANDLE_STEER,drdds/msg/Steer,94,94,0.996450432,11.006413197,1.327292407,11.291305803,1788937941669899355,1788937951679862120,1788937942000741330,1788937951964754726,"{""min"": 6.7114e-05, ""median"": 8.0911e-05, ""p95"": 1.0000805923999998, ""max"": 2.00234203}","{""min"": 0.035087548, ""median"": 0.080869251, ""p95"": 0.09601517039999999, ""max"": 2.339786056}","{""min"": -0.663168331, ""median"": -0.19279188949999998, ""p95"": 0.28392794945, ""max"": 0.330841975}",0,0,0,12359.258938834028,9.290743850234493,0.1,9,2
gait_20260909_151220_d3ace6be729a,/IMU,sensor_msgs/msg/Imu,2668,2668,-0.015448923,13.319551077,0.003898269,13.330079951,1788937940658000000,1788937953993000000,1788937940677347192,1788937954003528874,"{""min"": 0.005, ""median"": 0.005, ""p95"": 0.005, ""max"": 0.005}","{""min"": 0.001276448, ""median"": 0.005031584, ""p95"": 0.007763597799999995, ""max"": 0.054433061}","{""min"": 0.009355095, ""median"": 0.0105925315, ""p95"": 0.056543593750000044, ""max"": 0.115261773}",0,0,0,200.0,200.0,0.1,0,0
gait_20260909_151220_d3ace6be729a,/JOINTS_DATA,drdds/msg/JointsData,2668,2668,-0.00878833,13.32619551,-0.004184892,13.32775611,1788937940664660593,1788937953999644433,1788937940669264031,1788937954001205033,"{""min"": 0.004898542, ""median"": 0.005000042, ""p95"": 0.0050224127, ""max"": 0.005094834}","{""min"": 0.001137696, ""median"": 0.004946185, ""p95"": 0.007925753499999985, ""max"": 0.049899424}","{""min"": 0.000836165, ""median"": 0.0015475135, ""p95"": 0.04798728775000002, ""max"": 0.105433612}",0,0,0,199.9983200141119,200.00024236999752,0.1,0,0
gait_20260909_151220_d3ace6be729a,/JOINTS_DATA_10HZ,drdds/msg/JointsData,134,134,-0.003764079,13.296239299,0.007192475,13.298646571,1788937940669684844,1788937953969688222,1788937940680641398,1788937953972095494,"{""min"": 0.099948635, ""median"": 0.099999385, ""p95"": 0.1000324014, ""max"": 0.100048677}","{""min"": 0.04999338, ""median"": 0.099966502, ""p95"": 0.10694198879999989, ""max"": 0.150489038}","{""min"": 0.001117739, ""median"": 0.002476506, ""p95"": 0.013305929699999962, ""max"": 0.052956738}",0,0,0,10.000061500378228,9.999997460151022,0.499996925,0,0
gait_20260909_151220_d3ace6be729a,/MOTION_INFO,drdds/msg/MotionInfo,267,267,0.017397214,13.30738855,0.022280431,13.308750956,1788937940690846137,1788937953980837473,1788937940695729354,1788937953982199879,"{""min"": 0.040000629, ""median"": 0.0499996925, ""p95"": 0.05001413, ""max"": 0.050036005}","{""min"": 0.006156448, ""median"": 0.0499496375, ""p95"": 0.052288074, ""max"": 0.108595034}","{""min"": 0.000774649, ""median"": 0.001448745, ""p95"": 0.0086221765, ""max"": 0.059608948}",0,0,0,20.000123000756457,20.015061957147992,0.2499984625,0,0
gait_20260909_151220_d3ace6be729a,/STEER,drdds/msg/Steer,94,94,0.996450432,11.006413197,1.329769205,11.290883722,1788937941669899355,1788937951679862120,1788937942003218128,1788937951964332645,"{""min"": 6.7114e-05, ""median"": 8.0911e-05, ""p95"": 1.0000805923999998, ""max"": 2.00234203}","{""min"": 0.03878886, ""median"": 0.080849788, ""p95"": 0.09500964079999998, ""max"": 2.33976452}","{""min"": -0.663647563, ""median"": -0.1931717615, ""p95"": 0.28352768764999997, ""max"": 0.333318773}",0,0,0,12359.258938834028,9.290743850234493,0.1,9,2
gait_20260909_151220_d3ace6be729a,/rslidar_front/points,sensor_msgs/msg/PointCloud2,133,133,-0.073387745,13.126541969,0.049059611,13.246558213,1788937940600061178,1788937953799990892,1788937940722508534,1788937953920007136,"{""min"": 0.099218845, ""median"": 0.099998951, ""p95"": 0.1001692413, ""max"": 0.100416899}","{""min"": 0.022938883, ""median"": 0.10006554000000001, ""p95"": 0.11316541954999994, ""max"": 0.186122963}","{""min"": 0.115296259, ""median"": 0.120540264, ""p95"": 0.13297311159999992, ""max"": 0.206726576}",0,0,0,10.000104901100412,10.000053247253224,0.499994755,0,0
gait_20260909_151220_d3ace6be729a,/rslidar_rear/points,sensor_msgs/msg/PointCloud2,133,133,-0.07337487,13.126574156,0.054882775,13.250639622,1788937940600074053,1788937953800023079,1788937940728331698,1788937953924088545,"{""min"": 0.098170757, ""median"": 0.09999692399999999, ""p95"": 0.100182879, ""max"": 0.101278067}","{""min"": 0.022284034, ""median"": 0.0995103735, ""p95"": 0.11659004654999987, ""max"": 0.196289972}","{""min"": 0.115636028, ""median"": 0.12382749, ""p95"": 0.13981194179999987, ""max"": 0.211913936}",0,0,0,10.000307609462068,10.000038616815791,0.49998461999999994,0,0
gait_20260909_151538_271bf7a9d4d2,/IMU,sensor_msgs/msg/Imu,4973,4973,-0.018545868,24.841454132,0.005581377,24.852925949,1788938138028000000,1788938162888000000,1788938138052127245,1788938162899471817,"{""min"": 0.005, ""median"": 0.005, ""p95"": 0.005, ""max"": 0.005}","{""min"": 0.000940448, ""median"": 0.004931953, ""p95"": 0.008420137500000001, ""max"": 0.078565917}","{""min"": 0.009342132, ""median"": 0.011480544, ""p95"": 0.03343159959999998, ""max"": 0.111608158}",0,0,0,200.0,200.0,0.1,0,0
gait_20260909_151538_271bf7a9d4d2,/JOINTS_DATA,drdds/msg/JointsData,4974,4974,-0.014894069,24.850098929,-0.005763777,24.851700829,1788938138031651799,1788938162896644797,1788938138040782091,1788938162898246697,"{""min"": 0.004930917, ""median"": 0.005000042, ""p95"": 0.005009959, ""max"": 0.005066542}","{""min"": 0.001037088, ""median"": 0.004923615, ""p95"": 0.00921980719999999, ""max"": 0.077750877}","{""min"": 0.000830767, ""median"": 0.0016922719999999999, ""p95"": 0.025585953049999974, ""max"": 0.104762837}",0,0,0,199.9983200141119,200.00005632014455,0.1,0,0
gait_20260909_151538_271bf7a9d4d2,/JOINTS_DATA_10HZ,drdds/msg/JointsData,249,249,0.025121435,24.825104843,0.03135386,24.827415388,1788938138071667303,1788938162871650711,1788938138077899728,1788938162873961256,"{""min"": 0.09997751, ""median"": 0.099999677, ""p95"": 0.10001512010000001, ""max"": 0.100021843}","{""min"": 0.040804927, ""median"": 0.099957957, ""p95"": 0.10200640744999999, ""max"": 0.160309915}","{""min"": 0.001146937, ""median"": 0.002629099, ""p95"": 0.0042996931999999995, ""max"": 0.063115235}",0,0,0,10.00003230010433,10.000006690327057,0.499998385,0,0
gait_20260909_151538_271bf7a9d4d2,/MOTION_INFO,drdds/msg/MotionInfo,497,497,0.034291436,24.834292636,0.04290903,24.835750716,1788938138080837304,1788938162880838504,1788938138089454898,1788938162882296584,"{""min"": 0.04980588, ""median"": 0.05000013, ""p95"": 0.05001070275, ""max"": 0.050181547}","{""min"": 0.005644448, ""median"": 0.049666774999999996, ""p95"": 0.0541690935, ""max"": 0.107741624}","{""min"": 0.000817026, ""median"": 0.002849486, ""p95"": 0.007358836599999993, ""max"": 0.059124081}",0,0,0,19.999948000135202,19.99999903225811,0.25000065,0,0
gait_20260909_151538_271bf7a9d4d2,/rslidar_front/points,sensor_msgs/msg/PointCloud2,248,248,-0.046531801,24.653464193,0.075444522,24.781932602,1788938138000014067,1788938162700010061,1788938138121990390,1788938162828478470,"{""min"": 0.099884033, ""median"": 0.099998951, ""p95"": 0.100108862, ""max"": 0.100117922}","{""min"": 0.062634939, ""median"": 0.100013745, ""p95"": 0.1086392875, ""max"": 0.140060278}","{""min"": 0.116870091, ""median"": 0.1231130025, ""p95"": 0.12845321445000002, ""max"": 0.161113951}",0,0,0,10.000104901100412,10.000001621862612,0.499994755,0,0
gait_20260909_151538_271bf7a9d4d2,/rslidar_rear/points,sensor_msgs/msg/PointCloud2,248,248,-0.046525841,24.653469438,0.081017131,24.771013753,1788938138000020027,1788938162700015306,1788938138127562999,1788938162817559621,"{""min"": 0.09987688, ""median"": 0.100000143, ""p95"": 0.1001091, ""max"": 0.100114823}","{""min"": 0.051418621, ""median"": 0.100168221, ""p95"": 0.11107457109999999, ""max"": 0.148063541}","{""min"": 0.11599386, ""median"": 0.126587666, ""p95"": 0.12995158515, ""max"": 0.177290143}",0,0,0,9.99998570002045,10.000001911336398,0.500000715,0,0
gait_20260909_151616_30765a77bc55,/HANDLE_STEER,drdds/msg/Steer,615,615,1.636570327,53.688466162,0.862568745,52.760613279,1788938177905025237,1788938229956921072,1788938177131023655,1788938229029068189,"{""min"": 1.42e-07, ""median"": 8.0978e-05, ""p95"": 1.0000806505, ""max"": 1.000566412}","{""min"": 0.001408546, ""median"": 0.0806660355, ""p95"": 0.10038392875000005, ""max"": 0.566937014}","{""min"": -0.932201743, ""median"": -0.423160784, ""p95"": 0.01901478299999997, ""max"": 0.079991831}",0,0,0,12349.033070710564,11.795920016944757,0.1,52,9
gait_20260909_151616_30765a77bc55,/IMU,sensor_msgs/msg/Imu,11387,11387,-0.01545491,56.91454509,0.004488702,56.926672937,1788938176253000000,1788938233183000000,1788938176272943612,1788938233195127847,"{""min"": 0.005, ""median"": 0.005, ""p95"": 0.005, ""max"": 0.005}","{""min"": 0.000833536, ""median"": 0.004923743499999999, ""p95"": 0.00833648675, ""max"": 0.240865056}","{""min"": 0.009310667, ""median"": 0.011487427, ""p95"": 0.06329029919999989, ""max"": 0.268969418}",0,0,0,200.0,200.0,0.1,0,1
gait_20260909_151616_30765a77bc55,/JOINTS_DATA,drdds/msg/JointsData,11387,11387,-0.006807645,56.923188617,-0.004847774,56.925155305,1788938176261647265,1788938233191643527,1788938176263607136,1788938233193610215,"{""min"": 0.004934709, ""median"": 0.005000042, ""p95"": 0.00501141775, ""max"": 0.005068584}","{""min"": 0.001064896, ""median"": 0.004915776, ""p95"": 0.009104938, ""max"": 0.243722848}","{""min"": 0.000788485, ""median"": 0.001718162, ""p95"": 0.05379054699999973, ""max"": 0.261583261}",0,0,0,199.9983200141119,200.00001313191723,0.1,0,1
gait_20260909_151616_30765a77bc55,/JOINTS_DATA_10HZ,drdds/msg/JointsData,570,570,0.003197981,56.903193115,0.013211738,56.905473255,1788938176271652891,1788938233171648025,1788938176281666648,1788938233173928165,"{""min"": 0.099955926, ""median"": 0.10000026, ""p95"": 0.10001951, ""max"": 0.100041969}","{""min"": 0.013414816, ""median"": 0.099946767, ""p95"": 0.1026132174, ""max"": 0.283289855}","{""min"": 0.001038922, ""median"": 0.002643545, ""p95"": 0.017405498249999835, ""max"": 0.186174354}",0,0,0,9.999974000067601,10.000000855184608,0.5000013,0,0
gait_20260909_151616_30765a77bc55,/MOTION_INFO,drdds/msg/MotionInfo,1139,1139,0.01238694,56.912382657,0.017903256,56.913839368,1788938176280841850,1788938233180837567,1788938176286358166,1788938233182294278,"{""min"": 0.049860422, ""median"": 0.049999839, ""p95"": 0.05001238, ""max"": 0.050134588}","{""min"": 0.002808064, ""median"": 0.0497370095, ""p95"": 0.05499741185, ""max"": 0.276305951}","{""min"": 0.000744794, ""median"": 0.002879421, ""p95"": 0.013060617499999889, ""max"": 0.227784287}",0,0,0,20.00006440020737,20.000001505448267,0.24999919499999998,0,1
gait_20260909_151616_30765a77bc55,/STEER,drdds/msg/Steer,615,615,1.636570327,53.688466162,0.86125777,52.760109343,1788938177905025237,1788938229956921072,1788938177129712680,1788938229028564253,"{""min"": 1.42e-07, ""median"": 8.0978e-05, ""p95"": 1.0000806505, ""max"": 1.000566412}","{""min"": 0.00145469, ""median"": 0.08060716849999999, ""p95"": 0.09875914685000002, ""max"": 0.568807957}","{""min"": -0.933164367, ""median"": -0.423703792, ""p95"": 0.019855192299999883, ""max"": 0.079550807}",0,0,0,12349.033070710564,11.795920016944757,0.1,52,9
gait_20260909_151616_30765a77bc55,/rslidar_front/points,sensor_msgs/msg/PointCloud2,569,569,-0.068441988,56.731556296,0.054305998,56.854545156,1788938176200012922,1788938233000011206,1788938176322760908,1788938233123000066,"{""min"": 0.095332384, ""median"": 0.099997043, ""p95"": 0.10025109025000001, ""max"": 0.104968786}","{""min"": 0.013469632, ""median"": 0.099802457, ""p95"": 0.11193895635, ""max"": 0.336671166}","{""min"": 0.112477814, ""median"": 0.123076732, ""p95"": 0.1341848516, ""max"": 0.360661001}",0,0,0,10.000295708744108,10.000000302112685,0.499985215,0,0
gait_20260909_151616_30765a77bc55,/rslidar_rear/points,sensor_msgs/msg/PointCloud2,569,569,-0.068442703,56.731556057,0.05991451,56.859002084,1788938176200012207,1788938233000010967,1788938176328369420,1788938233127456994,"{""min"": 0.095384359, ""median"": 0.099997997, ""p95"": 0.1002166154, ""max"": 0.104863882}","{""min"": 0.013427808, ""median"": 0.099957233, ""p95"": 0.11224369675, ""max"": 0.24725728}","{""min"": 0.116189706, ""median"": 0.126767463, ""p95"": 0.13383791080000002, ""max"": 0.264859175}",0,0,0,10.00020030401209,10.000000218309864,0.499989985,0,0
gait_20260909_151734_72594dc0ad20,/HANDLE_STEER,drdds/msg/Steer,676,676,1.622990205,56.678252739,1.300626056,56.526866637,1788938255983522523,1788938311038785057,1788938255661158374,1788938310887398955,"{""min"": 5.3022e-05, ""median"": 8.0951e-05, ""p95"": 1.0000806241, ""max"": 1.000324615}","{""min"": 0.010926017, ""median"": 0.080573684, ""p95"": 0.09265926679999997, ""max"": 0.329966893}","{""min"": -1.026960251, ""median"": -0.5062473945, ""p95"": -0.058007357499999995, ""max"": 0.009638372}",0,0,0,12353.151906708996,12.260408341221625,0.1,55,5
gait_20260909_151734_72594dc0ad20,/IMU,sensor_msgs/msg/Imu,11673,11673,-0.017532318,58.342467682,-0.005608861,58.354446436,1788938254343000000,1788938312703000000,1788938254354923457,1788938312714978754,"{""min"": 0.005, ""median"": 0.005, ""p95"": 0.005, ""max"": 0.005}","{""min"": 0.000856864, ""median"": 0.0049287045, ""p95"": 0.008039030899999997, ""max"": 0.265271242}","{""min"": 0.009206808, ""median"": 0.011484115, ""p95"": 0.07084192459999998, ""max"": 0.308824813}",0,0,0,200.0,200.0,0.1,0,1
gait_20260909_151734_72594dc0ad20,/JOINTS_DATA,drdds/msg/JointsData,11673,11673,-0.00888679,58.351113365,0.005865341,58.352849796,1788938254351645528,1788938312711645683,1788938254366397659,1788938312713382114,"{""min"": 0.004849834, ""median"": 0.005000042, ""p95"": 0.005009667, ""max"": 0.005154042}","{""min"": 0.000932256, ""median"": 0.004926624, ""p95"": 0.008942605399999975, ""max"": 0.265197319}","{""min"": 0.000809043, ""median"": 0.001713795, ""p95"": 0.061890052999999945, ""max"": 0.296369327}",0,0,0,199.9983200141119,199.99999946881425,0.1,0,1
gait_20260909_151734_72594dc0ad20,/JOINTS_DATA_10HZ,drdds/msg/JointsData,584,584,0.01112067,58.311129361,0.023850868,58.314182244,1788938254371652988,1788938312671661679,1788938254384383186,1788938312674714562,"{""min"": 0.099841594, ""median"": 0.099999969, ""p95"": 0.1000130939, ""max"": 0.100160676}","{""min"": 0.013452002, ""median"": 0.099962714, ""p95"": 0.1025410997, ""max"": 0.344353656}","{""min"": 0.00101919, ""median"": 0.0026812275, ""p95"": 0.007419542800000026, ""max"": 0.248301322}",0,0,0,10.000003100000962,9.999998509262657,0.49999984499999994,0,0
gait_20260909_151734_72594dc0ad20,/MOTION_INFO,drdds/msg/MotionInfo,1167,1167,0.020306713,58.320304904,0.029100625,58.32205578,1788938254380839031,1788938312680837222,1788938254389632943,1788938312682588098,"{""min"": 0.049823671, ""median"": 0.05000013, ""p95"": 0.050012088, ""max"": 0.050174839}","{""min"": 0.003835419, ""median"": 0.0497977575, ""p95"": 0.0543589695, ""max"": 0.289777173}","{""min"": 0.000751185, ""median"": 0.002383245, ""p95"": 0.01454679150000001, ""max"": 0.242551324}",0,0,0,19.999948000135202,20.000000620583208,0.25000065,0,1
gait_20260909_151734_72594dc0ad20,/STEER,drdds/msg/Steer,676,676,1.622990205,56.678252739,1.296646088,56.52638667,1788938255983522523,1788938311038785057,1788938255657178406,1788938310886918988,"{""min"": 5.3022e-05, ""median"": 8.0951e-05, ""p95"": 1.0000806241, ""max"": 1.000324615}","{""min"": 0.010942657, ""median"": 0.080582393, ""p95"": 0.0922759596, ""max"": 0.329611981}","{""min"": -1.025566184, ""median"": -0.507877569, ""p95"": -0.0584426455, ""max"": 0.009197764}",0,0,0,12353.151906708996,12.260408341221625,0.1,55,5
gait_20260909_151734_72594dc0ad20,/rslidar_front/points,sensor_msgs/msg/PointCloud2,583,583,-0.060518299,58.139472689,0.076293155,58.261265412,1788938254300014019,1788938312500005007,1788938254436825473,1788938312621797730,"{""min"": 0.095317126, ""median"": 0.0999999045, ""p95"": 0.10031670300000001, ""max"": 0.104967832}","{""min"": 0.013496001, ""median"": 0.09982824700000001, ""p95"": 0.11046756569999995, ""max"": 0.301022937}","{""min"": 0.113226395, ""median"": 0.122741208, ""p95"": 0.14672903959999994, ""max"": 0.32724537}",0,0,0,10.00000955000912,10.000001548453847,0.4999995225,0,0
gait_20260909_151734_72594dc0ad20,/rslidar_rear/points,sensor_msgs/msg/PointCloud2,583,583,-0.060520206,58.139364685,0.082913505,58.266135492,1788938254300012112,1788938312499897003,1788938254443445823,1788938312626667810,"{""min"": 0.094672203, ""median"": 0.1000009775, ""p95"": 0.10039564325, ""max"": 0.104696512}","{""min"": 0.013787809, ""median"": 0.0999127335, ""p95"": 0.11115724029999999, ""max"": 0.314421471}","{""min"": 0.114635139, ""median"": 0.125917306, ""p95"": 0.1493191527, ""max"": 0.333719363}",0,0,0,9.999902250955497,10.000019778217812,0.5000048875,0,0
gait_20260909_151931_7a0441190ea8,/HANDLE_STEER,drdds/msg/Steer,980,980,1.518806926,120.637565962,1.225835027,119.984903384,1788938373100703745,1788938492219462781,1788938372807731846,1788938491566800203,"{""min"": 3.1077e-05, ""median"": 8.0883e-05, ""p95"": 1.0000806549, ""max"": 19.018838077}","{""min"": 0.008746111, ""median"": 0.080589172, ""p95"": 0.09664813519999996, ""max"": 18.841614294}","{""min"": -1.21222222, ""median"": -0.665056839, ""p95"": -0.21614650100000002, ""max"": -0.106298339}",0,0,0,12363.53745533672,8.21868870967777,0.1,81,5
gait_20260909_151931_7a0441190ea8,/IMU,sensor_msgs/msg/Imu,24003,24003,-0.018896819,119.991103181,0.006310081,120.001489982,1788938371563000000,1788938491573000000,1788938371588206900,1788938491583386801,"{""min"": 0.005, ""median"": 0.005, ""p95"": 0.005, ""max"": 0.005}","{""min"": 0.000871296, ""median"": 0.0049881915, ""p95"": 0.0086274443, ""max"": 0.215750602}","{""min"": 0.009240614, ""median"": 0.010551183, ""p95"": 0.07398958769999998, ""max"": 0.272013736}",0,0,0,200.0,200.0,0.1,0,2
gait_20260909_151931_7a0441190ea8,/JOINTS_DATA,drdds/msg/JointsData,24002,24002,-0.010242096,119.996750003,-0.006474081,119.997710685,1788938371571654723,1788938491578646822,1788938371575422738,1788938491579607504,"{""min"": 5.8625e-05, ""median"": 0.004999751, ""p95"": 0.005016667, ""max"": 0.026085503}","{""min"": 0.000915679, ""median"": 0.004958874, ""p95"": 0.008740958, ""max"": 0.217464169}","{""min"": 0.000734969, ""median"": 0.002265759, ""p95"": 0.06629585710000005, ""max"": 0.268439278}",0,0,0,200.0099604960327,199.9966800284464,0.1,0,2
gait_20260909_151931_7a0441190ea8,/JOINTS_DATA_10HZ,drdds/msg/JointsData,1201,1201,-0.010242096,119.991750253,0.01039949,119.993966395,1788938371571654723,1788938491573647072,1788938371592296309,1788938491575863214,"{""min"": 0.089417134, ""median"": 0.099999968, ""p95"": 0.100013969, ""max"": 0.110567637}","{""min"": 0.009968736, ""median"": 0.099978734, ""p95"": 0.10570040929999999, ""max"": 0.266906764}","{""min"": 0.000991084, ""median"": 0.003010871, ""p95"": 0.021898919, ""max"": 0.169487892}",0,0,0,10.000003200001025,9.999833973673185,0.49999984,0,0
gait_20260909_151931_7a0441190ea8,/MOTION_INFO,drdds/msg/MotionInfo,2400,2400,-0.001056929,119.953944415,0.011659842,119.955524589,1788938371580839890,1788938491535841234,1788938371593556661,1788938491537421408,"{""min"": 0.049269214, ""median"": 0.049999839, ""p95"": 0.0500106591, ""max"": 0.055731089}","{""min"": 0.00296435, ""median"": 0.049907171, ""p95"": 0.054729719100000004, ""max"": 0.25653909}","{""min"": 0.000668665, ""median"": 0.0017746049999999998, ""p95"": 0.01954458649999987, ""max"": 0.207897571}",0,0,0,20.00006440020737,19.999166129974746,0.24999919499999998,0,1
gait_20260909_151931_7a0441190ea8,/STEER,drdds/msg/Steer,980,980,1.518806926,120.637565962,1.224402835,119.984481368,1788938373100703745,1788938492219462781,1788938372806299654,1788938491566378187,"{""min"": 3.1077e-05, ""median"": 8.0883e-05, ""p95"": 1.0000806549, ""max"": 19.018838077}","{""min"": 0.012591418, ""median"": 0.080537675, ""p95"": 0.0959926310999999, ""max"": 18.841795413}","{""min"": -1.210070571, ""median"": -0.6646703860000001, ""p95"": -0.21651760880000004, ""max"": -0.106736195}",0,0,0,12363.53745533672,8.21868870967777,0.1,81,5
gait_20260909_151931_7a0441190ea8,/rslidar_front/points,sensor_msgs/msg/PointCloud2,1200,1200,-0.081887998,119.818139039,0.045397063,119.936509223,1788938371500008821,1788938491400035858,1788938371627293882,1788938491518406042,"{""min"": 0.095522881, ""median"": 0.099998951, ""p95"": 0.1001477958, ""max"": 0.104606151}","{""min"": 0.013042329, ""median"": 0.09988341, ""p95"": 0.11121230679999991, ""max"": 0.303238972}","{""min"": 0.115985189, ""median"": 0.123626402, ""p95"": 0.1346935, ""max"": 0.331466291}",0,0,0,10.000104901100412,9.999997745038039,0.499994755,0,0
gait_20260909_151931_7a0441190ea8,/rslidar_rear/points,sensor_msgs/msg/PointCloud2,1200,1200,-0.082002677,119.818152152,0.071352106,119.945236426,1788938371499894142,1788938491400048971,1788938371653248925,1788938491527133245,"{""min"": 0.095397234, ""median"": 0.099998951, ""p95"": 0.100125074, ""max"": 0.104552746}","{""min"": 0.013175577, ""median"": 0.100123355, ""p95"": 0.1134973024, ""max"": 0.321902772}","{""min"": 0.113927809, ""median"": 0.12557361849999998, ""p95"": 0.14034870554999992, ""max"": 0.341640735}",0,0,0,10.000104901100412,9.999987086839027,0.499994755,0,0
gait_20260909_152145_fc06025e3eb8,/HANDLE_STEER,drdds/msg/Steer,773,773,3.398596816,69.46520892,2.416025896,69.028556525,1788938509236149854,1788938575302761958,1788938508253578934,1788938574866109563,"{""min"": 5.643e-05, ""median"": 8.0913e-05, ""p95"": 1.0000804084, ""max"": 4.004149434}","{""min"": 0.007325184, ""median"": 0.0806786515, ""p95"": 0.09213587344999995, ""max"": 4.149433551}","{""min"": -1.296302204, ""median"": -0.76687788, ""p95"": -0.3179276562, ""max"": -0.248604309}",0,0,0,12358.953443822376,11.685176148956172,0.1,63,2
gait_20260909_152145_fc06025e3eb8,/IMU,sensor_msgs/msg/Imu,13967,13967,-0.149553038,69.680446962,0.011678918,69.694630777,1788938505688000000,1788938575518000000,1788938505849231956,1788938575532183815,"{""min"": 0.005, ""median"": 0.005, ""p95"": 0.005, ""max"": 0.005}","{""min"": 0.00074672, ""median"": 0.0050026235, ""p95"": 0.00801630425, ""max"": 0.212876975}","{""min"": 0.009203336, ""median"": 0.010327484, ""p95"": 0.06049146779999995, ""max"": 0.235626503}",0,0,0,200.0,200.0,0.1,0,1
gait_20260909_152145_fc06025e3eb8,/JOINTS_DATA,drdds/msg/JointsData,13967,13967,-0.143908214,69.686094177,-0.007802372,69.692553273,1788938505693644824,1788938575523647215,1788938505829750666,1788938575530106311,"{""min"": 0.004811334, ""median"": 0.005000042, ""p95"": 0.005021334, ""max"": 0.005182042}","{""min"": 0.000921151, ""median"": 0.004968816, ""p95"": 0.0076679752499999995, ""max"": 0.211620623}","{""min"": 0.0007715, ""median"": 0.001574671, ""p95"": 0.052169417799999986, ""max"": 0.226223628}",0,0,0,199.9983200141119,199.99999315194069,0.1,0,1
gait_20260909_152145_fc06025e3eb8,/JOINTS_DATA_10HZ,drdds/msg/JointsData,698,698,-0.063902581,69.63609113,0.017197513,69.638820161,1788938505773650457,1788938575473644168,1788938505854750551,1788938575476373199,"{""min"": 0.099971093, ""median"": 0.10000026, ""p95"": 0.1000129186, ""max"": 0.100023593}","{""min"": 0.013216638, ""median"": 0.099961613, ""p95"": 0.10360703099999995, ""max"": 0.252463279}","{""min"": 0.000947733, ""median"": 0.0024251765, ""p95"": 0.00955369855, ""max"": 0.154743512}",0,0,0,9.999974000067601,10.000000902295634,0.5000013,0,0
gait_20260909_152145_fc06025e3eb8,/MOTION_INFO,drdds/msg/MotionInfo,1396,1396,-0.101707543,69.648283965,0.018242058,69.649533152,1788938505735845495,1788938575485837003,1788938505855795096,1788938575487086190,"{""min"": 0.049782838, ""median"": 0.049999839, ""p95"": 0.050009463, ""max"": 0.05021713}","{""min"": 0.003120384, ""median"": 0.04997769, ""p95"": 0.0512508312, ""max"": 0.242297711}","{""min"": 0.000629734, ""median"": 0.001324099, ""p95"": 0.00703804525, ""max"": 0.193143709}",0,0,0,20.00006440020737,20.000002434982378,0.24999919499999998,0,0
gait_20260909_152145_fc06025e3eb8,/STEER,drdds/msg/Steer,773,773,3.398596816,69.46520892,2.414912104,69.028144589,1788938509236149854,1788938575302761958,1788938508252465142,1788938574865697627,"{""min"": 5.643e-05, ""median"": 8.0913e-05, ""p95"": 1.0000804084, ""max"": 4.004149434}","{""min"": 0.007484768, ""median"": 0.0807132495, ""p95"": 0.09217449639999996, ""max"": 4.149430638}","{""min"": -1.29672358, ""median"": -0.76724892, ""p95"": -0.3183646486, ""max"": -0.246723701}",0,0,0,12358.953443822376,11.685176148956172,0.1,63,2
gait_20260909_152145_fc06025e3eb8,/rslidar_front/points,sensor_msgs/msg/PointCloud2,699,699,-0.23753406,69.562499033,0.020957483,69.679330203,1788938505600018978,1788938575400052071,1788938505858510521,1788938575516883241,"{""min"": 0.095156431, ""median"": 0.0999969245, ""p95"": 0.1003712888, ""max"": 0.105041742}","{""min"": 0.013747455, ""median"": 0.09980279, ""p95"": 0.1098586438, ""max"": 0.212533262}","{""min"": 0.112905105, ""median"": 0.121548298, ""p95"": 0.13509184950000003, ""max"": 0.258491543}",0,0,0,10.00030755945899,9.99999525888477,0.4999846225,0,0
gait_20260909_152145_fc06025e3eb8,/rslidar_rear/points,sensor_msgs/msg/PointCloud2,699,699,-0.237546696,69.562415825,0.028164847,69.686269402,1788938505600006342,1788938575399968863,1788938505865717885,1788938575523822440,"{""min"": 0.095083236, ""median"": 0.0999970435, ""p95"": 0.10034165445, ""max"": 0.104961872}","{""min"": 0.013769343, ""median"": 0.09988894, ""p95"": 0.11050588859999999, ""max"": 0.302883087}","{""min"": 0.112457151, ""median"": 0.124047128, ""p95"": 0.13574902510000014, ""max"": 0.321263302}",0,0,0,10.000295658741152,10.000005369487123,0.49998521749999997,0,0
gait_20260909_152557_7ddbfc67c108,/GAIT,drdds/msg/Gait,11,11,,,12.604623649,35.211417473,0,0,1788938770152438479,1788938792759232303,"{""min"": 0.0, ""median"": 0.0, ""p95"": 0.0, ""max"": 0.0}","{""min"": 0.683583657, ""median"": 2.693884008, ""p95"": 3.8209210771999986, ""max"": 4.492241069}",,10,11,0,,,0.1,0,10
gait_20260909_152557_7ddbfc67c108,/HANDLE_STEER,drdds/msg/Steer,223,223,8.94581145,40.977840142,8.185708992,40.210330462,1788938766493626280,1788938798525654972,1788938765733523822,1788938797758145292,"{""min"": 2.36e-07, ""median"": 8.09525e-05, ""p95"": 1.0000818270499998, ""max"": 8.007611842}","{""min"": 0.002287072, ""median"": 0.081021758, ""p95"": 0.1502185079999999, ""max"": 7.612848477}","{""min"": -1.518895406, ""median"": -1.001529924, ""p95"": -0.5659385031, ""max"": -0.495548869}",0,0,0,12352.923010407338,6.93056322266109,0.1,21,6
gait_20260909_152557_7ddbfc67c108,/IMU,sensor_msgs/msg/Imu,24001,24001,-0.01481483,119.98518517,0.004669888,119.996099615,1788938757533000000,1788938877533000000,1788938757552484718,1788938877543914445,"{""min"": 0.005, ""median"": 0.005, ""p95"": 0.005, ""max"": 0.005}","{""min"": 0.000631456, ""median"": 0.0049901914999999995, ""p95"": 0.008529232249999996, ""max"": 0.136276741}","{""min"": 0.009352088, ""median"": 0.010879308, ""p95"": 0.081595575, ""max"": 0.283071221}",0,0,0,200.0,200.0,0.1,0,0
gait_20260909_152557_7ddbfc67c108,/JOINTS_DATA,drdds/msg/JointsData,12064,12064,-0.008172118,119.986819647,-0.004873855,119.991907743,1788938757539642712,1788938877534634477,1788938757542940975,1788938877539722573,"{""min"": 0.004863542, ""median"": 0.005002667, ""p95"": 0.020008044, ""max"": 0.020069585}","{""min"": 0.001092032, ""median"": 0.005248801, ""p95"": 0.0211712119, ""max"": 0.157700067}","{""min"": 0.000833141, ""median"": 0.0016772645, ""p95"": 0.04797355920000008, ""max"": 0.202040733}",0,0,0,199.89337687277606,100.52919561530003,0.1,0,0
gait_20260909_152557_7ddbfc67c108,/JOINTS_DATA_10HZ,drdds/msg/JointsData,1200,1200,0.026829052,119.926817391,0.039437502,119.930515717,1788938757574643882,1788938877474632221,1788938757587252332,1788938877478330547,"{""min"": 0.099948343, ""median"": 0.099999969, ""p95"": 0.100015718, ""max"": 0.100053635}","{""min"": 0.028981123, ""median"": 0.09999264, ""p95"": 0.10719435879999999, ""max"": 0.271826753}","{""min"": 0.000972943, ""median"": 0.0032020475, ""p95"": 0.024251442249999918, ""max"": 0.175474441}",0,0,0,10.000003100000962,10.000000972560562,0.49999984499999994,0,0
gait_20260909_152557_7ddbfc67c108,/MOTION_INFO,drdds/msg/MotionInfo,2402,2402,0.014024301,119.998028981,0.022164639,119.999526175,1788938757561839131,1788938877545843811,1788938757569979469,1788938877547341005,"{""min"": 0.002004333, ""median"": 0.05000013, ""p95"": 0.050008297, ""max"": 0.050169589}","{""min"": 0.004385024, ""median"": 0.049768546, ""p95"": 0.053566212, ""max"": 0.207539174}","{""min"": 0.000685535, ""median"": 0.0020029105, ""p95"": 0.019868726899999987, ""max"": 0.159341825}",0,0,0,19.999948000135202,20.01100068632915,0.25000065,0,0
gait_20260909_152557_7ddbfc67c108,/STEER,drdds/msg/Steer,223,223,8.94581145,40.977840142,8.184725216,40.20989315,1788938766493626280,1788938798525654972,1788938765732540046,1788938797757707980,"{""min"": 2.36e-07, ""median"": 8.09525e-05, ""p95"": 1.0000818270499998, ""max"": 8.007611842}","{""min"": 0.002316576, ""median"": 0.080916818, ""p95"": 0.1477703288499999, ""max"": 7.612850141}","{""min"": -1.517933902, ""median"": -1.001935332, ""p95"": -0.5662785511, ""max"": -0.496009157}",0,0,0,12352.923010407338,6.93056322266109,0.1,21,6
gait_20260909_152557_7ddbfc67c108,/rslidar_front/points,sensor_msgs/msg/PointCloud2,1200,1200,-0.047806009,119.852218167,0.081030204,119.976950529,1788938757500008821,1788938877400032997,1788938757628845034,1788938877524765359,"{""min"": 0.095154285, ""median"": 0.099998951, ""p95"": 0.1001346108, ""max"": 0.104609013}","{""min"": 0.029335713, ""median"": 0.100136164, ""p95"": 0.1103334654, ""max"": 0.228569125}","{""min"": 0.11539394, ""median"": 0.122541321, ""p95"": 0.13423926529999997, ""max"": 0.260571176}",0,0,0,10.000104901100412,9.99999798365345,0.499994755,0,0
gait_20260909_152557_7ddbfc67c108,/rslidar_rear/points,sensor_msgs/msg/PointCloud2,1200,1200,-0.047843917,119.852168338,0.072108188,119.986714816,1788938757499970913,1788938877399983168,1788938757619923018,1788938877534529646,"{""min"": 0.095204353, ""median"": 0.099999904, ""p95"": 0.100162983, ""max"": 0.1045959}","{""min"": 0.023318049, ""median"": 0.099829598, ""p95"": 0.11364588319999998, ""max"": 0.244440005}","{""min"": 0.113588236, ""median"": 0.12371146250000001, ""p95"": 0.13752377964999998, ""max"": 0.26722367}",0,0,0,10.000009600009216,9.999998977898354,0.49999952000000003,0,0
gait_20260909_154654_65c5ae680a24,/GAIT,drdds/msg/Gait,2,2,,,7.923228148,106.015520059,0,0,1788940022349256420,1788940120441548331,"{""min"": 0.0, ""median"": 0.0, ""p95"": 0.0, ""max"": 0.0}","{""min"": 98.092291911, ""median"": 98.092291911, ""p95"": 98.092291911, ""max"": 98.092291911}",,1,2,0,,,0.1,0,1
gait_20260909_154654_65c5ae680a24,/HANDLE_STEER,drdds/msg/Steer,350,350,3.31761969,54.368381023,1.330665771,52.088464284,1788940017743647962,1788940068794409295,1788940015756694043,1788940066514492556,"{""min"": 4.8759e-05, ""median"": 8.1004e-05, ""p95"": 1.0000814512, ""max"": 7.006974701}","{""min"": 0.024495964, ""median"": 0.080890505, ""p95"": 0.2450272278, ""max"": 6.975179754}","{""min"": -2.76226633, ""median"": -2.2513190334999997, ""p95"": -1.80802690505, ""max"": -1.748371826}",0,0,0,12345.069379289911,6.836332914283123,0.1,39,21
gait_20260909_154654_65c5ae680a24,/IMU,sensor_msgs/msg/Imu,22316,22316,-0.046028272,111.528971728,-0.029981506,111.539651707,1788940014380000000,1788940125955000000,1788940014396046766,1788940125965679979,"{""min"": 0.005, ""median"": 0.005, ""p95"": 0.005, ""max"": 0.005}","{""min"": 0.000623552, ""median"": 0.004963935, ""p95"": 0.011046682399999999, ""max"": 0.23790457}","{""min"": 0.009426477, ""median"": 0.0111140715, ""p95"": 0.1215657455, ""max"": 0.29818156}",0,0,0,200.0,200.0,0.1,0,1
gait_20260909_154654_65c5ae680a24,/JOINTS_DATA,drdds/msg/JointsData,5579,5579,-0.026333337,111.533654372,0.026536035,111.536446747,1788940014399694935,1788940125959682644,1788940014452564307,1788940125962475019,"{""min"": 0.01993571, ""median"": 0.020000168, ""p95"": 0.020015919, ""max"": 0.020063169}","{""min"": 0.00179904, ""median"": 0.019962447, ""p95"": 0.032497166099999995, ""max"": 0.252520248}","{""min"": 0.001126479, ""median"": 0.00341767, ""p95"": 0.06997727369999995, ""max"": 0.255051833}",0,0,0,49.999580003527974,50.00000550869548,0.10000084,0,1
gait_20260909_154654_65c5ae680a24,/JOINTS_DATA_10HZ,drdds/msg/JointsData,1115,1115,0.053673754,111.453655156,0.076144988,111.457546037,1788940014479702026,1788940125879683428,1788940014502173260,1788940125883574309,"{""min"": 0.099939594, ""median"": 0.099999969, ""p95"": 0.100015427, ""max"": 0.100060343}","{""min"": 0.009245268, ""median"": 0.1000612505, ""p95"": 0.11401337059999991, ""max"": 0.300390484}","{""min"": 0.001530062, ""median"": 0.004446048, ""p95"": 0.0483051872, ""max"": 0.203519843}",0,0,0,10.000003100000962,10.000001669479634,0.49999984499999994,0,0
gait_20260909_154654_65c5ae680a24,/MOTION_INFO,drdds/msg/MotionInfo,2235,2235,-0.00810446,111.506887828,0.032665667,111.513935257,1788940014417923812,1788940125932916100,1788940014458693939,1788940125939963529,"{""min"": 0.001000125, ""median"": 0.05000013, ""p95"": 0.050020255, ""max"": 0.052999047}","{""min"": 0.001639296, ""median"": 0.049879263, ""p95"": 0.06310421584999999, ""max"": 0.274784789}","{""min"": 0.000854667, ""median"": 0.002062028, ""p95"": 0.049550366299999954, ""max"": 0.226327123}",0,0,0,19.999948000135202,20.03318077833377,0.25000065,0,1
gait_20260909_154654_65c5ae680a24,/STEER,drdds/msg/Steer,350,350,3.31761969,54.368381023,1.326872236,52.08769302,1788940017743647962,1788940068794409295,1788940015752900508,1788940066513721292,"{""min"": 4.8759e-05, ""median"": 8.1004e-05, ""p95"": 1.0000814512, ""max"": 7.006974701}","{""min"": 0.024347292, ""median"": 0.080819716, ""p95"": 0.2450706262, ""max"": 6.975284137}","{""min"": -2.762940666, ""median"": -2.2516412095, ""p95"": -1.80849666025, ""max"": -1.74905973}",0,0,0,12345.069379289911,6.836332914283123,0.1,39,21
gait_20260909_154654_65c5ae680a24,/rslidar_front/points,sensor_msgs/msg/PointCloud2,1116,1116,-0.126008293,111.373949746,0.03907434,111.494450328,1788940014300019979,1788940125799978018,1788940014465102612,1788940125920478600,"{""min"": 0.095444202, ""median"": 0.099998951, ""p95"": 0.1002331019, ""max"": 0.10499072}","{""min"": 0.008928596, ""median"": 0.099964069, ""p95"": 0.1284492926, ""max"": 0.269112886}","{""min"": 0.115186034, ""median"": 0.12705600150000002, ""p95"": 0.16619685374999998, ""max"": 0.287423041}",0,0,0,10.000104901100412,10.000003763319802,0.499994755,0,0
gait_20260909_154654_65c5ae680a24,/rslidar_rear/points,sensor_msgs/msg/PointCloud2,1116,1116,-0.126009961,111.3739898,0.057516645,111.503170169,1788940014300018311,1788940125800018072,1788940014483544917,1788940125929198441,"{""min"": 0.095183373, ""median"": 0.099997998, ""p95"": 0.1001899243, ""max"": 0.105441094}","{""min"": 0.008627892, ""median"": 0.099919792, ""p95"": 0.1369428539999999, ""max"": 0.270686806}","{""min"": 0.11360898, ""median"": 0.1290804425, ""p95"": 0.17823968874999999, ""max"": 0.293977433}",0,0,0,10.000200204008085,10.000000021434978,0.49998999,0,0
gait_20260909_154856_5809460fe5ab,/GAIT,drdds/msg/Gait,2,2,,,17.967802955,67.958030366,0,0,1788940153987807668,1788940203978035079,"{""min"": 0.0, ""median"": 0.0, ""p95"": 0.0, ""max"": 0.0}","{""min"": 49.990227411, ""median"": 49.990227411, ""p95"": 49.990227411, ""max"": 49.990227411}",,1,2,0,,,0.1,0,1
gait_20260909_154856_5809460fe5ab,/HANDLE_STEER,drdds/msg/Steer,626,626,17.858954513,80.92207075,15.044976013,78.159350079,1788940153878959226,1788940216942075463,1788940151064980726,1788940214179354792,"{""min"": 5.5746e-05, ""median"": 8.0989e-05, ""p95"": 1.0000807595999999, ""max"": 3.002999611}","{""min"": 0.012717536, ""median"": 0.080680716, ""p95"": 0.1557852944, ""max"": 3.000736594}","{""min"": -2.922898324, ""median"": -2.408988078, ""p95"": -1.957405822, ""max"": -1.883637183}",0,0,0,12347.355813752483,9.910705929138716,0.1,58,14
gait_20260909_154856_5809460fe5ab,/IMU,sensor_msgs/msg/Imu,16833,16833,-0.030004713,84.129995287,-0.0112101,84.140924869,1788940135990000000,1788940220150000000,1788940136008794613,1788940220160929582,"{""min"": 0.005, ""median"": 0.005, ""p95"": 0.005, ""max"": 0.005}","{""min"": 0.000630432, ""median"": 0.004915376, ""p95"": 0.01276961639999999, ""max"": 0.266884053}","{""min"": 0.00921115, ""median"": 0.01124015, ""p95"": 0.14806653579999998, ""max"": 0.328751023}",0,0,0,200.0,200.0,0.1,0,1
gait_20260909_154856_5809460fe5ab,/JOINTS_DATA,drdds/msg/JointsData,4208,4208,-0.0003256,84.139685188,0.012320242,84.142260837,1788940136019679113,1788940220159689901,1788940136032324955,1788940220162265550,"{""min"": 0.019886127, ""median"": 0.019999877, ""p95"": 0.020014169, ""max"": 0.02012471}","{""min"": 0.001418208, ""median"": 0.019809408, ""p95"": 0.0351380238, ""max"": 0.281981396}","{""min"": 0.001057981, ""median"": 0.0033454905, ""p95"": 0.0872097551499998, ""max"": 0.271993693}",0,0,0,50.000307501891136,49.999993589256825,0.1,0,1
gait_20260909_154856_5809460fe5ab,/JOINTS_DATA_10HZ,drdds/msg/JointsData,841,841,0.059692406,84.05968218,0.068603862,84.064417496,1788940136079697119,1788940220079686893,1788940136088608575,1788940220084422209,"{""min"": 0.099955926, ""median"": 0.099999968, ""p95"": 0.1000151496, ""max"": 0.100048969}","{""min"": 0.020779455, ""median"": 0.10000645450000001, ""p95"": 0.12124864694999997, ""max"": 0.301812562}","{""min"": 0.001290994, ""median"": 0.004383412, ""p95"": 0.053676121, ""max"": 0.206213332}",0,0,0,10.000003200001025,10.0000012173811,0.49999984,0,0
gait_20260909_154856_5809460fe5ab,/MOTION_INFO,drdds/msg/MotionInfo,1684,1684,0.012905568,84.122904728,0.044082544,84.124926628,1788940136032910281,1788940220142909441,1788940136064087257,1788940220144931341,"{""min"": 0.010008543, ""median"": 0.05000013, ""p95"": 0.050010922, ""max"": 0.050222963}","{""min"": 0.002228128, ""median"": 0.049594078, ""p95"": 0.0636136348, ""max"": 0.300537779}","{""min"": 0.000803987, ""median"": 0.0045714564999999995, ""p95"": 0.06440319369999992, ""max"": 0.253909334}",0,0,0,19.999948000135202,20.00951155401248,0.25000065,0,2
gait_20260909_154856_5809460fe5ab,/STEER,drdds/msg/Steer,626,626,17.858954513,80.92207075,15.043700845,78.164311967,1788940153878959226,1788940216942075463,1788940151063705558,1788940214184316680,"{""min"": 5.5746e-05, ""median"": 8.0989e-05, ""p95"": 1.0000807595999999, ""max"": 3.002999611}","{""min"": 0.012414336, ""median"": 0.080658164, ""p95"": 0.15477930279999982, ""max"": 3.00061845}","{""min"": -2.923929908, ""median"": -2.4128452265, ""p95"": -1.9579053819999999, ""max"": -1.884330015}",0,0,0,12347.355813752483,9.910705929138716,0.1,58,13
gait_20260909_154856_5809460fe5ab,/rslidar_front/points,sensor_msgs/msg/PointCloud2,842,842,-0.119971716,83.980009592,0.02237892,84.09893629,1788940135900032997,1788940220000014305,1788940136042383633,1788940220118941003,"{""min"": 0.094991207, ""median"": 0.099997044, ""p95"": 0.100426913, ""max"": 0.104967832}","{""min"": 0.021898719, ""median"": 0.099538364, ""p95"": 0.123269498, ""max"": 0.267281142}","{""min"": 0.116631499, ""median"": 0.12923548699999998, ""p95"": 0.16065420479999998, ""max"": 0.291838407}",0,0,0,10.000295608738195,10.000002222592647,0.49998521999999995,0,0
gait_20260909_154856_5809460fe5ab,/rslidar_rear/points,sensor_msgs/msg/PointCloud2,842,842,-0.119983637,83.980012453,0.034305147,84.117781412,1788940135900021076,1788940220000017166,1788940136054309860,1788940220137786125,"{""min"": 0.095100165, ""median"": 0.099997043, ""p95"": 0.100480795, ""max"": 0.105354786}","{""min"": 0.015248447, ""median"": 0.099824638, ""p95"": 0.123513555, ""max"": 0.333709039}","{""min"": 0.115062093, ""median"": 0.132718358, ""p95"": 0.1747816571, ""max"": 0.373187883}",0,0,0,10.000295708744108,10.000000464922731,0.499985215,0,0
