t,cpu_11395,rss_mib_11395,cpu_11351,rss_mib_11351,rx_mbit_s,tx_mbit_s
3572.2,20.99,61.4,1.00,50.8,164.51,0.48
3573.2,22.93,61.4,0.00,50.8,164.15,68516.37
3574.3,20.94,61.4,1.00,50.8,164.09,0.76
3575.3,21.94,61.4,1.00,50.8,164.04,0.44
3576.3,20.94,61.4,0.00,50.8,164.06,0.63
3577.3,20.94,61.4,1.00,50.8,164.07,0.81
3578.3,20.94,61.4,0.00,50.8,164.17,68509.70
3579.3,22.93,61.4,1.00,50.8,164.19,0.63
3580.3,20.93,61.4,1.00,50.8,164.18,0.80
3581.3,22.93,61.4,0.00,50.8,164.03,0.43
3582.3,21.93,61.4,1.00,50.8,164.19,0.64
3583.3,19.94,61.4,0.00,50.8,164.09,0.82
3584.3,21.93,61.4,1.00,50.8,164.13,68514.81
3585.3,20.93,61.4,0.00,50.8,164.08,0.65
3586.3,23.92,61.4,1.00,50.8,164.03,0.80
3587.3,22.93,61.4,1.00,50.8,164.04,0.44
3588.3,22.93,61.4,0.00,50.8,164.22,0.62
3589.3,21.93,61.4,1.00,50.8,164.16,68510.76
3590.3,22.93,61.4,1.00,50.8,164.00,0.47
3591.3,21.93,61.4,0.00,50.8,164.26,0.63
3592.3,22.93,61.4,1.00,50.8,164.12,0.78
3593.3,24.92,61.4,0.00,50.8,163.99,0.46
3594.3,21.93,61.4,0.00,50.8,164.10,68511.42
3595.3,21.97,61.4,2.00,50.8,164.47,0.79
3596.3,24.92,61.4,0.00,50.8,166.47,0.47
3597.3,22.93,61.4,1.00,50.8,166.98,0.64
3598.3,22.93,61.4,0.00,50.8,166.16,0.78
3599.3,23.93,61.4,1.00,50.8,167.93,0.45
3600.3,21.93,61.4,0.00,50.8,164.20,68487.92
3601.3,23.92,63.7,0.00,50.8,164.10,0.78
3602.3,22.93,65.1,1.00,50.8,164.31,0.44
3603.3,25.92,61.3,1.00,50.8,164.30,0.63
3604.3,22.93,61.3,0.00,50.8,164.34,0.79
3605.3,21.98,61.3,1.00,50.8,164.75,34328.33
3606.3,22.93,61.3,0.00,50.8,164.50,34260.71
3607.3,22.93,61.3,1.00,50.8,164.33,0.80
3608.4,21.93,61.3,0.00,50.8,164.42,0.45
3609.4,22.93,61.3,1.00,50.8,164.28,0.61
3610.4,23.93,61.3,1.00,50.8,164.42,0.80
3611.4,20.94,61.3,0.00,50.8,164.46,68522.46
3612.4,22.90,61.3,1.00,50.8,164.06,0.61
3613.4,21.94,61.3,0.00,50.8,164.33,0.78
3614.4,21.93,61.3,1.00,50.8,164.37,0.44
3615.4,22.93,61.3,1.00,50.8,164.29,0.63
3616.4,21.93,61.3,0.00,50.8,164.43,68504.27
3617.4,21.93,61.3,1.00,50.8,164.26,0.44
3618.4,21.93,61.3,0.00,50.8,164.39,0.61
3619.4,22.93,61.3,1.00,50.8,164.08,0.76
3620.4,20.93,61.3,1.00,50.8,164.23,0.47
3621.4,21.93,61.3,1.00,50.8,164.02,0.63
3622.4,20.93,61.3,0.00,50.8,164.34,68494.45
3623.4,22.93,61.3,1.00,50.8,164.11,0.44
3624.4,22.92,61.3,0.00,50.8,164.27,0.64
3625.4,22.93,61.3,1.00,50.8,163.90,0.79
3626.4,21.93,61.3,0.00,50.8,163.77,0.44
3627.4,22.93,61.3,1.00,50.8,163.90,68513.47
3628.4,22.93,61.3,1.00,50.8,163.65,0.79
3629.4,21.93,61.3,0.00,50.8,166.42,0.45
3630.4,24.92,61.3,1.00,50.8,168.67,0.64
3631.4,20.94,61.3,0.00,50.8,164.04,0.79
3632.4,21.95,61.3,1.00,50.8,166.29,0.45
3633.4,22.92,62.6,1.00,50.8,165.16,68495.71
3634.4,23.93,63.0,0.00,50.8,163.53,0.79
3635.4,21.93,65.4,1.00,50.8,163.58,0.46
3636.4,23.93,65.4,0.00,50.8,163.85,0.64
3637.4,22.93,64.9,1.00,50.8,163.74,0.79
3638.4,20.93,61.4,0.00,50.8,163.92,68500.77
3639.5,23.92,61.4,1.00,50.8,163.91,0.62
3640.5,22.93,61.4,1.00,50.8,163.86,0.77
3641.5,21.93,61.4,0.00,50.8,163.85,0.47
3642.5,24.92,61.4,1.00,50.8,164.24,0.63
3643.5,22.93,61.4,0.00,50.8,164.13,0.80
3644.5,21.93,61.4,1.00,50.8,164.30,68502.83
3645.5,23.92,61.4,0.00,50.8,163.97,0.64
3646.5,24.92,61.4,1.00,50.8,164.11,0.79
3647.5,22.93,61.4,0.00,50.8,163.96,0.45
3648.5,24.93,61.4,1.99,50.8,164.21,0.63
3649.5,22.93,61.4,0.00,50.8,164.00,68508.05
3650.5,22.93,61.4,1.00,50.8,163.95,0.48
3651.5,21.97,61.4,0.00,50.8,164.28,0.58
3652.5,24.92,61.4,1.00,50.8,164.27,0.78
3653.5,22.93,61.4,1.00,50.8,163.98,0.42
3654.5,21.98,61.4,0.00,50.8,164.67,0.66
3655.5,22.92,61.4,1.00,50.8,164.07,68481.04
3656.5,23.92,61.4,0.00,50.8,164.23,0.44
3657.5,24.92,61.4,1.00,50.8,164.23,0.61
3658.5,22.93,61.4,0.00,50.8,164.26,0.77
3659.5,24.92,61.4,1.00,50.8,164.20,0.46
3660.5,23.93,61.4,0.00,50.8,164.35,68518.31
3661.5,22.93,61.4,1.00,50.8,165.39,0.77
3662.5,22.93,61.4,1.00,50.8,166.87,0.46
3663.5,23.93,61.4,1.00,50.8,167.16,0.65
3664.5,22.93,61.4,1.00,50.8,166.42,0.81
3665.5,22.93,61.4,0.00,50.8,166.99,0.49
3666.5,21.93,62.1,1.00,50.8,164.30,68508.30
3667.5,22.93,63.1,0.00,50.8,164.21,0.78
3668.5,21.93,64.9,1.00,50.8,164.24,0.46
3669.5,22.93,65.4,1.00,50.8,164.09,0.63
3670.5,23.92,61.4,0.00,50.8,164.11,0.81
3671.5,21.93,61.4,0.00,50.8,164.15,68494.51
3672.6,22.93,61.4,1.00,50.8,164.25,0.63
3673.6,23.92,61.4,1.00,50.8,164.07,0.79
3674.6,22.92,61.4,0.00,50.8,164.14,0.46
3675.6,22.92,61.4,1.00,50.8,163.32,0.62
3676.6,22.92,61.4,0.00,50.8,163.22,0.82
3677.6,22.94,61.4,1.00,50.8,163.44,68538.47
3678.6,24.92,61.4,1.00,50.8,163.66,0.63
3679.6,22.93,61.4,1.00,50.8,163.44,0.77
3680.6,23.92,61.4,0.00,50.8,163.57,0.46
3681.6,23.92,61.4,1.00,50.8,163.35,0.61
3682.6,23.93,61.4,0.00,50.8,163.39,68511.99
3683.6,21.93,61.4,0.00,50.8,163.27,0.43
3684.6,23.92,61.4,1.00,50.8,163.42,0.60
3685.6,23.93,61.4,1.99,50.8,163.44,0.77
3686.6,24.92,61.4,0.00,50.8,163.38,0.45
3687.6,23.92,61.4,1.00,50.8,163.22,68497.66
3688.6,22.98,61.4,0.00,50.8,163.78,0.80
3689.6,23.93,61.4,1.00,50.8,163.36,0.45
3690.6,22.93,61.4,1.00,50.8,163.53,0.63
3691.6,21.93,61.4,0.00,50.8,163.36,0.80
3692.6,22.93,61.4,0.00,50.8,163.39,0.46
3693.6,22.93,61.4,1.00,50.8,163.51,68509.41
3694.6,23.93,61.4,1.00,50.8,165.36,0.80
3695.6,23.93,61.4,0.00,50.8,166.44,0.46
3696.6,23.93,61.4,1.00,50.8,165.05,0.64
3697.6,22.93,61.4,1.00,50.8,166.27,0.81
3698.6,22.93,61.4,1.00,50.8,165.05,68513.38
3699.6,22.97,62.1,1.00,50.8,163.60,0.61
3700.6,22.93,63.5,0.00,50.8,163.27,0.77
3701.6,23.92,64.4,0.00,50.8,163.37,0.63
3702.6,23.92,61.3,1.00,50.8,163.56,0.46
3703.6,24.92,61.3,0.00,50.8,163.29,0.77
3704.6,22.92,61.3,1.00,50.8,163.44,68490.12
3705.7,22.92,61.3,1.00,50.8,163.25,0.44
3706.7,24.92,61.3,1.00,50.8,163.54,0.78
3707.7,22.93,61.3,0.00,50.8,163.39,0.62
3708.7,23.92,61.3,1.00,50.8,163.50,0.46
3709.7,16.95,61.3,0.00,50.8,163.34,68502.68
3710.7,21.94,61.3,1.00,50.8,163.52,0.63
3711.7,19.93,61.3,1.00,50.8,163.30,0.46
3712.7,21.93,61.3,0.00,50.8,163.57,0.79
3713.7,21.93,61.3,0.00,50.8,163.29,0.63
3714.7,21.93,61.3,1.00,50.8,163.42,0.46
3715.7,21.93,61.3,0.00,50.8,163.37,68513.03
3716.7,23.93,61.3,1.99,50.8,163.48,0.62
3717.7,20.94,61.3,0.00,50.8,163.32,0.46
3718.7,22.93,61.3,1.00,50.8,163.51,0.80
3719.7,21.93,61.3,0.00,50.8,163.32,0.62
3720.7,21.93,61.3,1.00,50.8,163.64,68514.38
3721.7,21.94,61.3,0.00,50.8,163.32,0.79
3722.7,20.94,61.3,1.00,50.8,163.38,0.63
3723.7,16.98,60.1,0.00,50.8,163.64,0.44
3724.7,32.90,60.1,1.00,50.8,163.56,0.76
3725.7,31.96,60.1,0.00,50.8,163.46,0.58
3726.7,31.91,60.1,1.00,50.8,163.69,68519.05
3727.7,33.89,60.1,0.00,50.8,163.38,0.75
3728.7,32.90,60.1,1.00,50.8,163.58,0.57
3729.7,33.91,60.2,1.00,50.8,166.32,0.42
3730.7,33.91,60.3,0.00,50.8,165.73,0.75
3731.7,32.90,60.8,1.00,50.8,166.51,68521.75
3732.7,33.90,60.9,1.00,50.8,164.58,0.42
3733.7,29.97,61.2,0.00,50.8,166.53,0.77
3734.7,33.90,61.5,1.00,50.8,163.80,0.60
3735.7,34.89,62.5,0.00,50.8,163.44,0.41
3736.7,34.89,65.4,1.00,50.8,163.67,0.75
3737.7,33.89,66.7,1.00,50.8,163.48,68497.79
3738.7,34.80,60.1,0.00,50.8,163.32,0.42
3739.8,33.88,60.1,1.00,50.8,163.32,0.74
3740.8,33.90,60.1,0.00,50.8,163.53,0.61
3741.8,33.90,60.1,1.00,50.8,163.48,0.41
3742.8,33.90,60.1,0.00,50.8,163.65,68515.35
3743.8,33.90,60.1,1.00,50.8,163.54,0.58
3744.8,34.88,60.1,0.00,50.8,163.62,0.41
3745.8,34.89,60.1,1.00,50.8,163.40,0.73
3746.8,33.91,60.1,1.00,50.8,163.77,0.58
3747.8,33.90,60.1,1.00,50.8,163.59,0.43
3748.8,33.90,60.1,0.00,50.8,163.73,68509.31
3749.8,31.90,61.3,1.00,50.8,163.47,0.61
3750.8,35.90,60.1,0.00,50.8,163.75,0.40
3751.8,31.91,60.1,1.00,50.8,163.59,0.74
3752.8,34.90,60.1,0.00,50.8,163.52,0.60
3753.8,32.91,60.1,1.00,50.8,163.50,68524.20
3754.8,33.91,60.1,1.00,50.8,163.63,0.75
3755.8,35.89,60.1,0.00,50.8,163.55,0.58
3756.8,34.89,60.1,1.00,50.8,163.63,0.42
3757.8,33.90,60.1,0.00,50.8,163.60,0.75
3758.8,34.89,60.1,1.00,50.8,163.65,0.58
3759.8,33.90,60.1,0.00,50.8,163.43,68521.52
3760.8,34.90,60.1,1.00,50.8,163.68,0.75
3761.8,34.90,60.1,0.00,50.8,163.50,0.59
3762.8,33.90,60.1,1.00,50.8,165.07,0.41
3763.8,34.80,60.6,0.99,50.8,168.60,0.75
3764.8,31.90,60.9,1.00,50.8,165.33,68510.50
3765.8,34.90,61.2,0.00,50.8,165.73,0.40
3766.8,32.90,62.1,1.00,50.8,163.78,0.77
3767.8,34.89,63.6,0.00,50.8,163.35,0.58
3768.8,33.90,64.9,1.00,50.8,163.46,0.40
3769.8,32.90,65.8,0.00,50.8,163.30,0.75
3770.8,35.89,66.7,1.00,50.8,163.54,68514.33
3771.8,32.90,64.9,0.00,50.8,163.42,0.42
3772.9,33.90,60.1,1.00,50.8,163.51,0.77
3773.9,34.89,60.1,0.00,50.8,163.37,0.58
3774.9,32.90,60.1,1.00,50.8,163.60,0.42
3775.9,32.90,60.1,0.00,50.8,163.51,68513.65
3776.9,33.91,60.1,1.00,50.8,163.68,0.57
3777.9,33.90,60.1,0.00,50.8,163.44,0.41
3778.9,33.90,60.1,1.00,50.8,163.59,0.76
3779.9,32.90,60.1,1.00,50.8,163.52,0.60
3780.9,34.90,60.1,0.00,50.8,163.56,0.44
3781.9,30.96,60.1,1.00,50.8,163.70,68639.74
3782.9,33.90,60.1,0.00,50.8,163.63,0.61
3783.9,34.89,60.1,1.00,50.8,163.26,0.41
3784.9,34.90,60.1,1.00,50.8,163.36,0.74
3785.9,34.90,60.1,0.00,50.8,163.27,0.60
3786.9,29.90,60.1,1.00,50.8,163.43,68496.63
3787.9,34.90,60.1,0.00,50.8,163.29,0.75
3788.9,34.90,60.1,1.00,50.8,163.44,0.59
3789.9,32.90,60.1,1.00,50.8,163.37,0.41
3790.9,33.90,60.1,0.00,50.8,163.46,0.74
3791.9,33.90,60.1,1.00,50.8,163.28,0.61
3792.9,33.95,60.1,1.00,50.8,163.69,68625.39
3793.9,34.89,60.1,0.00,50.8,163.39,0.76
3794.9,34.90,60.1,1.00,50.8,163.57,0.59
3795.9,32.91,60.1,1.00,50.8,163.36,0.42
3796.9,33.91,60.1,0.00,50.8,164.22,0.77
3797.9,32.90,60.1,0.00,50.8,165.40,68518.03
3798.9,33.90,60.5,1.00,50.8,167.06,0.42
3799.9,35.89,60.9,0.00,50.8,166.17,0.76
3800.9,33.90,61.1,1.99,50.8,165.00,0.60
3801.9,33.90,62.0,0.00,50.8,164.41,0.43
3802.9,33.90,62.6,0.00,50.8,163.30,0.78
3803.9,32.90,65.0,1.00,50.8,163.17,68507.10
3804.9,33.90,66.7,1.00,50.8,163.44,0.42
3805.9,33.89,66.7,0.00,50.8,163.20,0.75
3806.9,34.89,60.1,1.00,50.8,163.41,0.59
3808.0,33.89,60.1,0.00,50.8,163.27,0.39
3809.0,33.90,60.1,1.00,50.8,163.62,68510.59
3810.0,33.91,60.1,0.00,50.8,163.38,0.57
3811.0,32.90,60.1,1.00,50.8,163.50,0.40
3812.0,32.90,60.1,1.00,50.8,163.37,0.75
3813.0,33.90,60.1,0.00,50.8,163.53,0.58
3814.0,33.90,60.1,1.00,50.8,163.29,0.41
3815.0,32.90,60.1,0.00,50.8,163.49,68508.63
3816.0,35.89,60.1,1.00,50.8,163.33,0.57
3817.0,34.90,60.1,0.00,50.8,163.49,0.41
3818.0,32.90,60.1,1.00,50.8,163.38,0.74
3819.0,35.90,60.1,0.00,50.8,163.46,0.58
3820.0,28.92,60.1,1.00,50.8,163.27,68530.75
3821.0,16.98,60.1,0.00,50.8,163.62,0.75
3822.0,19.98,60.1,0.00,50.8,163.69,0.60
3823.0,33.95,60.1,1.00,50.8,163.73,0.42
3824.0,35.89,60.1,0.00,50.8,163.39,0.76
3825.0,33.90,60.1,1.00,50.8,163.44,0.62
3826.0,34.90,60.1,0.00,50.8,163.27,68519.93
3827.0,35.89,60.1,0.00,50.8,163.44,0.76
3828.0,33.90,60.1,1.99,50.8,163.38,0.58
3829.0,32.90,60.1,0.00,50.8,163.47,0.40
3830.0,34.89,60.1,1.00,50.8,163.25,0.74
3831.0,33.90,60.1,0.00,50.8,163.45,68513.52
3832.0,34.90,60.1,0.00,50.8,163.55,0.40
3833.0,35.89,60.1,1.00,50.8,165.21,0.75
3834.0,32.90,60.4,1.00,50.8,166.13,0.59
3835.0,34.89,60.7,0.00,50.8,166.50,0.43
3836.0,34.89,61.2,1.00,50.8,167.12,0.78
3837.0,33.90,61.2,1.00,50.8,163.77,68513.14
3838.0,34.89,61.3,0.00,50.8,163.37,0.39
3839.0,35.89,64.6,0.00,50.8,163.65,0.74
3840.0,33.90,65.7,1.00,50.8,163.29,0.58
3841.0,36.88,66.7,0.00,50.8,163.51,0.42
3842.0,33.89,62.9,1.00,50.8,163.29,68499.61
3843.1,35.88,60.1,1.00,50.8,163.28,0.60
3844.1,35.89,60.1,1.00,50.8,163.19,0.42
3845.1,33.90,60.1,0.00,50.8,163.53,0.74
3846.1,33.89,60.1,0.00,50.8,163.18,0.60
3847.1,32.90,60.1,1.00,50.8,163.27,68515.45
3848.1,33.95,66.7,1.00,50.8,163.44,0.75
3849.1,36.87,60.1,0.00,50.8,163.31,0.59
3850.1,33.89,60.1,0.00,50.8,163.11,0.41
3851.1,34.89,60.1,1.00,50.8,163.37,0.74
3852.1,34.89,60.1,0.00,50.8,163.14,0.55
3853.1,32.90,60.1,1.00,50.8,163.34,68505.53
3854.1,34.89,60.1,0.00,50.8,163.22,0.77
3855.1,32.90,60.1,1.00,50.8,163.38,0.54
3856.1,34.89,60.1,1.00,50.8,163.18,0.43
3857.1,33.89,60.1,1.00,50.8,163.44,0.75
3858.1,31.90,60.1,0.00,50.8,163.29,68506.41
3859.1,34.90,60.1,0.00,50.8,163.34,0.41
3860.1,32.91,60.1,1.00,50.8,163.02,0.76
3861.1,32.91,60.1,0.00,50.8,163.38,0.59
3862.1,34.89,60.1,1.99,50.8,163.26,0.43
3863.1,33.90,60.1,0.00,50.8,163.37,0.82
3864.1,33.89,60.1,1.00,50.8,163.40,68505.29
3865.1,35.89,60.1,0.00,50.8,163.76,0.58
3866.1,33.90,60.1,0.00,50.8,163.33,0.58
3867.1,35.90,60.6,0.00,50.8,169.73,0.60
3868.1,34.90,60.7,1.00,50.8,164.34,0.60
3869.1,33.90,60.8,0.00,50.8,164.12,34260.70
3870.1,32.95,61.3,1.00,50.8,167.59,34303.84
3871.1,33.91,61.2,0.00,50.8,163.51,0.59
3872.1,31.90,62.6,1.00,50.8,163.42,0.58
3873.1,35.89,65.4,0.00,50.8,163.40,0.59
3874.1,34.89,66.4,1.00,50.8,163.41,0.57
3875.1,34.90,62.9,0.00,50.8,163.60,68515.46
3876.2,32.90,66.7,1.00,50.8,163.58,0.60
3877.2,33.90,62.9,1.00,50.8,163.52,0.59
3878.2,35.89,60.1,1.00,50.8,163.37,0.60
3879.2,34.90,60.1,0.00,50.8,163.42,0.57
3880.2,32.90,60.1,1.00,50.8,163.41,68513.98
3881.2,34.90,60.1,0.00,50.8,163.51,0.60
3882.2,32.89,60.1,0.00,50.8,163.31,0.60
3883.2,31.90,60.1,1.00,50.8,163.43,0.58
3884.2,30.90,60.1,1.00,50.8,163.18,0.60
3885.2,31.90,60.1,0.00,50.8,163.18,0.57
3886.2,31.90,60.1,1.00,50.8,163.35,68503.35
3887.2,33.90,60.1,1.00,50.8,163.57,0.59
3888.2,30.91,60.1,0.00,50.8,163.66,0.58
3889.2,31.90,60.1,0.00,50.8,163.64,0.54
3890.2,31.91,60.1,1.99,50.8,163.22,0.58
3891.2,32.90,60.1,0.00,50.8,163.14,68520.65
3892.2,30.91,60.1,0.00,50.8,161.77,0.58
3893.2,30.92,60.1,1.00,50.8,159.04,0.57
3894.2,31.91,60.1,1.00,50.8,163.33,0.60
3895.2,30.91,60.1,0.00,50.8,163.97,0.59
3896.2,30.90,60.1,1.00,50.8,164.05,0.59
3897.2,31.90,60.1,1.00,50.8,164.09,68508.47
3898.2,30.91,60.1,0.00,50.8,163.96,0.58
3899.2,31.91,60.1,1.00,50.8,163.90,0.59
3900.2,30.91,60.1,0.00,50.8,164.39,0.56
3901.2,31.91,60.4,1.00,50.8,168.35,0.57
3902.2,30.91,60.9,0.00,50.8,168.09,68524.58
3903.2,33.90,60.9,0.00,50.8,164.05,0.58
3904.2,30.91,63.9,1.00,50.8,166.29,0.58
3905.2,31.90,63.9,1.00,50.8,163.79,0.59
3906.2,32.90,65.4,0.00,50.8,163.61,0.58
3907.2,31.90,66.8,0.00,50.8,163.86,0.57
3908.2,30.90,62.9,1.99,50.8,163.81,68502.56
3909.2,31.91,66.8,0.00,50.8,163.89,0.58
3910.3,32.90,60.1,0.00,50.8,163.83,0.75
3911.3,32.90,60.1,0.00,50.8,163.75,0.39
3912.3,30.91,60.1,1.00,50.8,163.94,0.60
3913.3,29.91,60.1,1.00,50.8,163.89,68508.58
3914.3,32.90,60.1,1.00,50.8,163.85,0.42
3915.3,30.91,60.1,0.00,50.8,163.79,0.59
3916.3,32.90,60.1,0.00,50.8,163.86,0.76
3917.3,30.90,60.1,1.00,50.8,163.72,0.41
3918.3,31.90,60.1,0.00,50.8,163.80,0.58
3919.3,30.91,60.1,1.00,50.8,163.86,68529.07
3920.3,30.91,60.1,1.00,50.8,163.84,0.41
3921.3,32.90,60.1,0.00,50.8,163.72,0.58
3922.3,32.91,60.1,1.00,50.8,163.89,0.74
3923.3,31.91,60.1,0.00,50.8,163.74,0.41
3924.3,31.91,60.1,1.00,50.8,163.90,68521.33
3925.3,31.91,60.1,1.00,50.8,163.70,0.73
3926.3,32.91,60.1,1.00,50.8,163.75,0.41
3927.3,32.90,60.1,0.00,50.8,163.76,0.58
3928.3,32.89,60.1,0.00,50.8,163.67,0.74
3929.3,31.91,60.1,1.00,50.8,163.83,0.41
3930.3,30.92,60.1,1.00,50.8,163.99,68542.12
3931.3,31.91,60.1,0.00,50.8,163.84,0.76
3932.3,29.91,60.1,1.00,50.8,163.89,0.43
3933.3,32.91,60.1,0.00,50.8,163.99,0.58
3934.3,31.91,60.1,1.00,50.8,166.57,0.75
3935.3,31.91,60.3,0.00,50.8,165.53,68534.28
3936.3,31.91,60.7,0.00,50.8,167.14,0.60
3937.3,32.91,60.8,1.00,50.8,164.86,0.75
3938.3,31.91,61.2,1.00,50.8,166.30,0.41
3939.3,32.91,63.9,0.00,50.8,163.95,0.60
3940.3,32.88,65.0,0.00,50.8,163.96,0.75
3941.3,31.90,66.3,1.00,50.8,163.89,68511.39
3942.3,30.91,66.3,0.00,50.8,163.95,0.59
3943.3,32.90,60.1,1.99,50.8,163.83,0.75
3944.4,31.89,60.1,0.00,50.8,163.82,0.40
3945.4,31.90,60.1,0.00,50.8,164.00,0.56
3946.4,31.89,60.1,1.00,50.8,163.96,68487.22
3947.4,31.91,60.1,0.00,50.8,163.98,0.41
3948.4,32.90,60.1,1.00,50.8,164.10,0.59
3949.4,31.91,60.1,1.00,50.8,164.00,0.75
3950.4,29.91,60.1,0.00,50.8,164.04,0.40
3951.4,31.91,60.1,1.00,50.8,164.09,0.61
3952.4,32.97,60.1,0.00,50.8,164.59,68648.91
3953.4,30.91,60.1,0.00,50.8,164.04,0.41
3954.4,32.91,60.1,1.00,50.8,164.11,0.60
3955.4,32.91,60.1,1.00,50.8,163.95,0.77
3956.4,31.91,60.1,1.00,50.8,164.02,0.41
3957.4,30.91,60.1,0.00,50.8,164.25,68523.03
3958.4,34.90,60.1,1.00,50.8,164.06,0.73
3959.4,32.90,60.1,0.00,50.8,164.21,0.42
3960.4,32.89,60.1,1.00,50.8,164.29,0.59
3961.4,32.91,60.1,0.00,50.8,164.12,0.74
3962.4,32.91,60.1,1.00,50.8,164.15,0.43
3963.4,30.91,60.1,1.00,50.8,164.21,68522.03
3964.4,32.90,60.1,1.00,50.8,163.67,0.77
3965.4,31.91,60.1,0.00,50.8,163.22,0.42
3966.4,31.90,60.1,1.00,50.8,162.57,0.59
3967.4,31.91,60.1,0.00,50.8,162.56,0.76
3968.4,27.92,60.1,1.00,50.8,163.48,68522.30
3969.4,33.90,60.3,1.00,50.8,167.40,0.59
3970.4,32.90,60.4,0.00,50.8,166.68,0.77
3971.4,32.90,60.5,0.00,50.8,165.45,0.41
3972.4,31.91,60.8,1.00,50.8,166.50,0.61
3973.4,29.91,63.3,0.00,50.8,168.09,68522.19
3974.4,33.89,63.6,1.00,50.8,164.35,0.41
3975.4,32.89,63.9,1.00,50.8,164.12,0.59
3976.4,32.90,66.5,0.00,50.8,164.21,0.75
3977.4,31.90,66.8,1.00,50.8,164.32,0.40
3978.5,32.90,66.1,0.00,50.8,164.22,0.59
3979.5,31.90,62.9,0.00,50.8,164.23,68502.35
3980.5,33.89,60.1,1.00,50.8,164.09,0.41
3981.5,32.90,60.1,0.00,50.8,164.18,0.60
3982.5,33.90,60.1,1.99,50.8,164.37,0.75
3983.5,32.90,60.1,0.00,50.8,164.05,0.41
3984.5,29.91,60.1,0.00,50.8,164.39,68505.19
3985.5,32.90,60.1,1.00,50.8,164.07,0.75
3986.5,31.90,60.1,0.00,50.8,164.14,0.42
3987.5,33.90,60.1,1.00,50.8,164.16,0.60
3988.5,32.90,60.1,0.00,50.8,164.24,0.75
3989.5,32.91,60.1,1.00,50.8,164.20,0.42
3990.5,30.92,60.1,0.00,50.8,164.35,68536.22
3991.5,31.90,60.1,1.00,50.8,164.00,0.73
3992.5,31.90,60.1,0.00,50.8,164.06,0.42
3993.5,32.90,60.1,0.00,50.8,164.06,0.58
3994.5,31.91,60.1,1.00,50.8,164.10,0.74
3995.5,30.91,60.1,1.00,50.8,164.11,68513.52
3996.5,32.90,60.1,0.00,50.8,164.18,0.59
3997.5,33.90,60.1,1.00,50.8,164.13,0.75
3998.5,31.90,60.1,0.00,50.8,164.06,0.42
3999.5,32.90,60.1,1.99,50.8,163.88,0.58
4000.5,30.91,61.3,0.00,50.8,163.99,0.75
4001.5,32.91,60.1,1.00,50.8,164.06,68522.61
4002.5,32.90,60.1,0.00,50.8,166.32,0.60
4003.5,31.91,60.2,1.00,50.8,166.10,0.76
4004.5,33.89,60.7,0.00,50.8,168.14,0.43
4005.5,30.91,61.1,1.00,50.8,166.62,0.59
4006.5,29.91,61.3,0.00,50.8,165.45,68523.28
4007.5,32.90,63.9,0.00,50.8,164.05,0.42
4008.5,32.90,65.4,1.99,50.8,164.17,0.59
4009.5,31.91,65.4,0.00,50.8,163.94,0.74
4010.5,31.91,66.8,1.00,50.8,164.06,0.43
4011.5,33.90,66.8,0.00,50.8,164.00,0.59
4012.6,29.91,60.1,0.00,50.8,164.22,68515.74
4013.6,32.90,60.1,1.00,50.8,163.97,0.42
4014.6,33.90,60.1,0.00,50.8,164.17,0.58
4015.6,32.90,60.1,1.00,50.8,164.05,0.74
4016.6,33.90,60.1,1.00,50.8,164.02,0.43
4017.6,31.91,60.1,0.00,50.8,163.89,68516.39
4018.6,31.90,60.1,1.00,50.8,164.10,0.73
4019.6,33.89,60.1,0.00,50.8,163.91,0.42
4020.6,33.89,60.1,1.00,50.8,164.06,0.58
4021.6,32.90,60.1,0.00,50.8,163.81,0.77
4022.6,32.90,60.1,1.00,50.8,164.09,0.40
4023.6,30.91,60.1,1.00,50.8,163.88,68513.73
4024.6,33.90,60.1,1.00,50.8,164.11,0.76
4025.6,33.90,60.1,0.00,50.8,163.77,0.41
4026.6,32.90,60.1,0.00,50.8,164.13,0.56
4027.6,32.90,60.1,1.00,50.8,163.82,0.74
4028.6,30.91,60.1,0.00,50.8,164.10,68511.50
4029.6,30.91,60.1,0.00,50.8,163.96,0.60
4030.6,32.91,60.1,1.00,50.8,164.23,0.75
4031.6,33.91,60.1,0.00,50.8,164.00,0.41
4032.6,32.91,60.1,1.99,50.8,164.21,0.58
4033.6,32.90,60.1,0.00,50.8,163.84,0.75
4034.6,30.96,60.1,0.00,50.8,164.46,68629.00
4035.6,31.91,60.1,1.00,50.8,163.97,0.59
4036.6,32.89,60.1,0.00,50.8,166.39,0.75
4037.6,32.90,60.3,1.00,50.8,166.48,0.40
4038.6,32.90,60.6,0.00,50.8,166.44,0.58
4039.6,28.92,60.9,1.00,50.8,166.47,68521.80
4040.6,32.90,61.2,0.00,50.8,165.71,0.42
4041.6,32.90,64.1,1.00,50.8,163.96,0.57
4042.6,32.90,65.0,0.00,50.8,164.09,0.75
4043.6,33.90,66.3,1.99,50.8,163.93,0.41
4044.6,31.90,60.1,0.00,50.8,163.88,0.61
4045.6,30.97,62.4,0.00,50.8,164.19,68651.58
4046.7,33.90,60.1,1.00,50.8,164.22,0.59
4047.7,31.90,60.1,1.00,50.8,163.77,0.40
4048.7,32.90,60.1,0.00,50.8,164.02,0.74
4049.7,32.90,60.1,1.00,50.8,163.83,0.59
4050.7,29.91,60.1,0.00,50.8,164.15,68516.88
4051.7,31.90,60.1,1.00,50.8,163.91,0.72
4052.7,29.91,60.1,0.00,50.8,164.09,0.60
4053.7,32.90,60.1,1.00,50.8,164.02,0.41
4054.7,33.90,60.1,1.00,50.8,164.13,0.74
4055.7,31.90,60.1,0.00,50.8,163.98,0.61
4056.7,32.90,60.1,1.00,50.8,164.12,68510.86
4057.7,33.90,60.1,0.00,50.8,163.99,0.74
4058.7,32.90,60.1,1.00,50.8,164.07,0.59
4059.7,33.90,60.1,1.00,50.8,163.91,0.43
4060.7,31.90,60.1,0.00,50.8,164.02,0.74
4061.7,30.91,60.1,1.00,50.8,163.98,68519.35
4062.7,32.90,60.1,0.00,50.8,164.17,0.42
4063.7,32.90,60.1,1.00,50.8,163.85,0.73
4064.7,33.90,60.1,0.00,50.8,164.13,0.59
4065.7,32.90,60.1,0.00,50.8,163.90,0.39
4066.7,32.90,60.1,1.00,50.8,163.97,0.78
4067.7,33.90,60.1,1.00,50.8,163.85,68511.28
4068.7,33.90,60.1,1.00,50.8,164.04,0.42
4069.7,32.90,60.1,0.00,50.8,163.81,0.77
4070.7,32.91,60.1,1.00,50.8,164.19,0.60
4071.7,32.90,60.2,0.00,50.8,166.48,0.42
4072.7,31.91,60.6,0.00,50.8,168.51,68519.97
4073.7,31.91,60.9,1.00,50.8,165.73,0.61
4074.7,32.90,60.9,0.00,50.8,164.85,0.42
4075.7,31.90,64.0,1.00,50.8,165.88,0.75
4076.7,33.89,64.0,1.00,50.8,164.06,0.60
4077.7,31.91,65.7,0.00,50.8,164.02,0.45
4078.7,32.90,66.5,0.00,50.8,164.18,68505.99
4079.7,33.90,62.9,1.00,50.8,163.92,0.59
4080.8,31.90,60.9,1.00,50.8,164.17,0.41
4081.8,30.90,61.3,0.00,50.8,163.89,0.75
4082.8,34.90,60.1,1.00,50.8,164.12,0.60
4083.8,30.91,60.1,1.00,50.8,163.94,68523.97
4084.8,32.90,60.1,0.00,50.8,164.11,0.74
4085.8,32.91,60.1,0.00,50.8,164.00,0.59
4086.8,31.91,60.1,1.99,50.8,164.16,0.42
4087.8,31.90,60.1,0.00,50.8,163.75,0.75
4088.8,31.91,60.1,1.00,50.8,164.17,0.62
4089.8,32.90,60.1,0.00,50.8,163.84,68518.41
4090.8,32.90,60.1,0.00,50.8,164.04,0.74
4091.8,33.90,60.1,1.00,50.8,163.85,0.58
4092.8,32.90,60.1,1.00,50.8,163.94,0.37
4093.8,32.90,60.1,1.00,50.8,163.86,0.74
4094.8,30.90,60.1,0.00,50.8,164.08,68496.90
4095.8,32.90,60.1,0.00,50.8,163.99,0.41
4096.8,33.90,60.1,1.00,50.8,164.06,0.71
4097.8,31.91,60.1,0.00,50.8,164.01,0.57
4098.8,32.91,60.1,1.00,50.8,164.07,0.39
4099.8,30.91,60.1,0.00,50.8,163.96,34265.88
4100.8,31.97,60.1,2.00,50.8,164.23,34324.26
4101.8,32.90,60.1,0.00,50.8,163.87,0.42
4102.8,31.90,60.1,0.00,50.8,163.93,0.71
4103.8,32.90,60.1,1.00,50.8,163.78,0.58
4104.8,32.90,60.1,1.00,50.8,164.62,0.41
4105.8,31.91,60.1,0.00,50.8,165.62,68520.27
4106.8,31.91,60.5,1.00,50.8,167.26,0.59
4107.8,32.90,60.7,0.00,50.8,165.54,0.42
4108.8,32.90,61.2,1.00,50.8,168.08,0.76
4109.8,34.89,61.3,1.00,50.8,164.08,0.59
4110.8,31.90,64.6,0.00,50.8,163.78,68515.71
4111.8,32.90,65.2,1.00,50.8,163.77,0.76
4112.8,29.91,65.5,0.00,50.8,164.17,0.60
4113.8,33.89,66.7,1.00,50.8,163.92,0.42
4114.9,33.90,60.1,0.00,50.8,164.20,0.75
4115.9,32.91,60.1,1.00,50.8,163.74,0.58
4116.9,30.97,64.5,0.00,50.8,164.33,68654.24
4117.9,35.89,60.1,1.00,50.8,163.82,0.75
4118.9,32.90,60.1,0.00,50.8,163.82,0.60
4119.9,32.90,60.1,1.00,50.8,163.77,0.43
4120.9,31.90,60.1,0.00,50.8,163.80,0.76
4121.9,30.91,60.1,1.00,50.8,163.76,68515.08
4122.9,32.90,60.1,0.00,50.8,163.94,0.41
4123.9,32.90,60.1,1.00,50.8,163.63,0.73
4124.9,32.91,60.1,0.00,50.8,163.84,0.59
4125.9,33.89,60.1,1.00,50.8,163.79,0.41
4126.9,30.91,60.1,0.00,50.8,163.85,0.74
4127.9,32.95,60.1,1.00,50.8,163.94,68612.13
4128.9,32.90,60.1,0.00,50.8,164.03,0.40
4129.9,28.91,60.1,1.00,50.8,163.82,0.76
4130.9,32.93,60.1,1.00,50.8,164.10,0.57
4131.9,30.91,60.1,0.00,50.8,163.79,0.42
4132.9,32.90,60.1,0.00,50.8,163.99,68517.19
4133.9,28.91,60.1,1.00,50.8,163.91,0.58
4134.9,30.91,60.1,0.00,50.8,164.06,0.42
4135.9,33.90,60.1,1.00,50.8,164.04,0.76
4136.9,31.92,60.1,1.00,50.8,164.06,0.61
4137.9,31.91,60.1,1.00,50.8,163.87,0.45
4138.9,31.91,60.1,0.00,50.8,164.12,68525.05
4139.9,32.90,60.1,1.00,50.8,163.94,0.58
4140.9,32.90,60.1,0.00,50.8,164.89,0.39
4141.9,31.91,60.4,1.00,50.8,167.78,0.76
4142.9,32.90,60.7,0.00,50.8,167.05,0.60
4143.9,31.91,60.6,1.00,50.8,162.80,68523.43
4144.9,32.91,60.9,1.00,50.8,166.68,0.74
4145.9,33.91,61.2,0.00,50.8,166.31,0.59
4146.9,31.90,64.4,1.00,50.8,164.08,0.42
4147.9,33.90,66.1,1.00,50.8,163.82,0.75
4148.9,31.90,66.8,0.00,50.8,164.01,0.62
4150.0,31.90,60.1,1.00,50.8,163.73,68506.06
4151.0,32.89,66.8,1.00,50.8,164.09,0.74
4152.0,31.89,60.1,0.00,50.8,163.84,0.59
4153.0,31.91,60.1,0.00,50.8,164.00,0.43
4154.0,31.91,60.1,1.00,50.8,163.94,0.75
4155.0,31.91,60.1,1.00,50.8,164.08,68517.84
4156.0,32.90,60.1,0.00,50.8,163.80,0.42
4157.0,32.89,60.1,1.00,50.8,163.80,0.75
4158.0,32.90,60.1,0.00,50.8,163.78,0.60
4159.0,33.89,60.1,0.00,50.8,163.94,0.41
4160.0,33.90,60.1,1.00,50.8,163.79,0.77
4161.0,32.90,60.1,0.00,50.8,163.78,68511.66
4162.0,31.91,60.1,1.00,50.8,163.73,0.40
4163.0,32.91,60.1,1.00,50.8,163.96,0.73
4164.0,31.91,60.1,1.00,50.8,163.75,0.58
4165.0,32.91,60.1,0.00,50.8,163.89,0.41
4166.0,30.91,60.1,0.00,50.8,163.91,68525.35
4167.0,33.89,60.1,1.00,50.8,163.84,0.59
4168.0,31.91,60.1,0.00,50.8,163.81,0.41
4169.0,33.91,60.1,1.00,50.8,163.88,0.76
4170.0,31.91,60.1,1.00,50.8,163.74,0.58
4171.0,32.90,60.1,1.00,50.8,163.97,0.43
4172.0,32.91,60.1,0.00,50.8,163.72,68524.99
